"","EVI2010"
"1",4304
"2",4920
"3",4317
"4",3734
"5",3356
"6",4003
"7",3886
"8",3148
"9",3285
"10",4606
"11",4345
"12",4052
"13",3805
"14",4656
"15",3102
"16",2678
"17",2789
"18",3458
"19",2999
"20",4341
"21",4019
"22",3421
"23",3675
"24",4033
"25",3979
"26",3777
"27",3700
"28",2917
"29",4097
"30",3375
"31",3737
"32",4178
"33",4254
"34",3970
"35",4182
"36",4289
"37",3713
"38",3976
"39",4115
"40",3863
"41",4074
"42",3853
"43",3725
"44",3160
"45",3715
"46",3430
"47",4504
"48",4508
"49",4759
"50",4150
"51",4078
"52",4502
"53",4190
"54",3925
"55",3111
"56",4116
"57",4315
"58",3871
"59",4407
"60",4519
"61",4913
"62",4947
"63",3686
"64",4288
"65",3878
"66",3607
"67",3006
"68",4677
"69",4976
"70",4259
"71",3999
"72",3990
"73",3514
"74",3977
"75",3441
"76",4834
"77",4616
"78",3688
"79",4293
"80",3748
"81",3315
"82",4646
"83",4970
"84",4167
"85",4103
"86",4129
"87",3594
"88",4274
"89",4032
"90",3212
"91",4474
"92",4443
"93",4564
"94",4608
"95",4171
"96",4571
"97",3967
"98",3848
"99",3659
"100",4312
"101",3997
"102",4245
"103",4086
"104",4099
"105",4164
"106",4365
"107",3858
"108",4087
"109",4351
"110",3766
"111",4232
"112",3933
"113",4853
"114",4845
"115",3909
"116",3630
"117",4615
"118",4467
"119",4434
"120",4519
"121",4533
"122",3340
"123",3614
"124",3535
"125",4263
"126",4466
"127",4387
"128",3434
"129",4424
"130",4443
"131",3370
"132",3942
"133",4133
"134",3845
"135",3664
"136",4567
"137",4223
"138",3894
"139",3889
"140",3917
"141",3971
"142",3417
"143",3387
"144",3322
"145",4202
"146",3136
"147",3687
"148",3361
"149",3690
"150",3744
"151",3551
"152",3786
"153",3604
"154",3476
"155",3391
"156",4606
"157",3591
"158",4107
"159",3630
"160",4498
"161",4405
"162",4030
"163",4168
"164",4035
"165",3946
"166",3483
"167",2812
"168",4454
"169",4551
"170",3825
"171",4146
"172",4248
"173",3807
"174",3791
"175",4763
"176",4414
"177",4187
"178",4159
"179",3356
"180",4184
"181",3874
"182",4001
"183",3473
"184",4431
"185",4461
"186",4331
"187",4688
"188",3247
"189",3693
"190",4308
"191",3798
"192",4094
"193",4040
"194",4173
"195",4208
"196",4309
"197",3966
"198",4205
"199",3583
"200",3570
"201",3053
"202",3415
"203",3513
"204",4360
"205",4074
"206",3795
"207",4094
"208",4469
"209",3637
"210",4297
"211",3731
"212",4418
"213",4105
"214",2414
"215",4624
"216",3312
"217",4191
"218",3579
"219",3679
"220",4030
"221",4042
"222",4748
"223",3690
"224",4242
"225",3860
"226",3666
"227",3606
"228",4036
"229",4446
"230",4284
"231",4538
"232",4077
"233",4533
"234",4110
"235",3660
"236",4388
"237",3969
"238",4175
"239",4105
"240",2866
"241",4430
"242",3511
"243",3811
"244",4070
"245",4368
"246",4058
"247",4659
"248",4205
"249",4673
"250",3485
"251",4015
"252",3469
"253",3446
"254",4605
"255",4846
"256",3316
"257",4002
"258",3672
"259",3642
"260",4566
"261",3598
"262",3574
"263",3694
"264",3778
"265",3337
"266",3620
"267",4317
"268",3918
"269",4079
"270",3558
"271",4664
"272",4260
"273",3950
"274",4211
"275",3712
"276",3992
"277",4038
"278",3822
"279",2882
"280",3900
"281",3926
"282",4325
"283",4127
"284",3334
"285",4628
"286",3838
"287",4619
"288",3667
"289",4520
"290",4205
"291",3993
"292",4004
"293",3538
"294",3920
"295",4458
"296",4517
"297",3798
"298",4344
"299",4431
"300",2725
"301",4253
"302",3780
"303",4749
"304",4384
"305",4008
"306",3924
"307",4295
"308",3992
"309",3538
"310",3729
"311",3343
"312",3664
"313",3904
"314",4167
"315",3027
"316",4625
"317",4155
"318",4196
"319",4447
"320",4111
"321",2903
"322",3674
"323",4025
"324",5095
"325",4344
"326",3476
"327",3610
"328",3791
"329",3764
"330",3537
"331",4018
"332",2992
"333",3858
"334",3907
"335",3854
"336",4326
"337",3928
"338",4160
"339",3779
"340",4597
"341",3566
"342",2920
"343",3189
"344",3443
"345",3566
"346",3270
"347",4111
"348",3780
"349",4190
"350",4656
"351",3954
"352",3503
"353",3429
"354",3264
"355",2680
"356",3229
"357",3954
"358",3910
"359",3704
"360",4198
"361",3426
"362",4376
"363",3594
"364",3842
"365",4144
"366",4092
"367",3679
"368",3075
"369",4429
"370",4049
"371",3944
"372",4078
"373",4542
"374",3883
"375",4241
"376",3392
"377",3461
"378",3525
"379",3485
"380",3160
"381",4389
"382",4518
"383",3660
"384",3922
"385",3697
"386",3837
"387",3746
"388",4389
"389",3701
"390",4121
"391",3232
"392",4049
"393",4379
"394",3283
"395",4176
"396",4342
"397",3819
"398",4517
"399",4251
"400",3978
"401",3231
"402",3440
"403",3258
"404",4138
"405",3461
"406",4353
"407",4569
"408",3854
"409",4252
"410",3986
"411",3538
"412",2830
"413",3586
"414",3761
"415",3000
"416",3598
"417",3898
"418",4258
"419",4258
"420",4181
"421",1461
"422",4139
"423",3857
"424",4007
"425",3302
"426",3027
"427",3498
"428",3487
"429",3876
"430",4385
"431",4304
"432",3783
"433",3861
"434",3808
"435",3276
"436",4257
"437",4140
"438",2819
"439",3421
"440",2687
"441",3915
"442",3597
"443",4150
"444",3729
"445",4237
"446",3729
"447",3537
"448",3748
"449",3422
"450",4313
"451",3944
"452",3048
"453",3525
"454",3691
"455",4200
"456",4452
"457",4453
"458",3690
"459",3988
"460",4127
"461",4160
"462",4116
"463",3290
"464",4121
"465",3177
"466",3539
"467",3839
"468",4844
"469",4443
"470",3564
"471",4304
"472",4136
"473",3609
"474",3938
"475",3916
"476",3139
"477",3984
"478",3646
"479",3606
"480",4259
"481",3963
"482",3222
"483",3440
"484",3732
"485",4705
"486",3567
"487",4244
"488",4125
"489",4600
"490",3768
"491",4121
"492",3499
"493",3848
"494",4510
"495",4338
"496",3803
"497",3166
"498",4061
"499",3656
"500",4194
"501",4627
"502",4251
"503",3836
"504",4321
"505",4708
"506",4063
"507",3236
"508",3685
"509",3998
"510",3762
"511",4776
"512",3871
"513",5077
"514",4727
"515",4478
"516",3817
"517",3965
"518",3758
"519",4384
"520",4399
"521",4270
"522",4246
"523",3522
"524",3147
"525",3971
"526",3824
"527",4225
"528",4202
"529",4156
"530",3854
"531",3645
"532",4324
"533",4331
"534",4529
"535",4043
"536",4312
"537",4655
"538",4151
"539",3970
"540",4118
"541",4429
"542",3849
"543",4594
"544",4004
"545",4412
"546",4493
"547",4538
"548",4352
"549",4132
"550",4406
"551",4837
"552",4292
"553",4574
"554",3625
"555",4779
"556",4205
"557",4224
"558",4514
"559",4421
"560",3796
"561",4721
"562",4022
"563",4433
"564",4893
"565",4193
"566",3834
"567",4854
"568",4418
"569",3887
"570",4425
"571",4204
"572",4472
"573",5000
"574",3970
"575",3995
"576",3589
"577",4197
"578",3896
"579",4792
"580",4718
"581",4830
"582",3491
"583",3953
"584",3817
"585",5102
"586",4111
"587",4360
"588",4530
"589",4419
"590",4482
"591",5189
"592",4026
"593",3385
"594",3969
"595",5188
"596",4948
"597",5048
"598",4952
"599",4709
"600",4104
"601",4864
"602",5113
"603",3803
"604",5056
"605",5328
"606",4600
"607",4533
"608",5305
"609",4968
"610",4534
"611",5593
"612",4281
"613",4247
"614",4801
"615",4086
"616",4052
"617",5075
"618",3835
"619",3972
"620",4524
"621",4691
"622",5174
"623",4513
"624",4244
"625",4207
"626",4989
"627",4051
"628",5086
"629",5059
"630",4986
"631",5289
"632",4291
"633",4138
"634",4001
"635",5083
"636",4101
"637",3717
"638",4251
"639",4795
"640",4311
"641",4347
"642",4525
"643",4913
"644",4806
"645",4122
"646",3898
"647",4789
"648",5151
"649",4185
"650",4372
"651",4896
"652",4014
"653",5073
"654",4876
"655",4670
"656",4892
"657",4799
"658",5165
"659",4907
"660",4671
"661",4320
"662",4674
"663",4337
"664",4830
"665",4445
"666",4027
"667",4649
"668",4500
"669",4207
"670",4488
"671",4293
"672",4853
"673",4191
"674",4614
"675",4078
"676",4879
"677",3927
"678",4890
"679",4075
"680",4627
"681",4298
"682",4969
"683",5543
"684",4584
"685",4413
"686",5102
"687",4854
"688",4800
"689",4857
"690",4788
"691",3755
"692",4138
"693",4226
"694",4669
"695",4424
"696",4555
"697",4000
"698",3584
"699",5068
"700",4886
"701",3731
"702",4217
"703",4288
"704",4419
"705",4314
"706",4662
"707",4117
"708",4563
"709",4229
"710",4088
"711",3946
"712",4241
"713",3769
"714",4536
"715",4438
"716",4293
"717",4246
"718",3930
"719",3936
"720",4418
"721",5016
"722",4337
"723",4038
"724",5053
"725",4487
"726",3083
"727",3963
"728",4089
"729",4613
"730",4518
"731",4070
"732",4230
"733",4583
"734",4304
"735",4233
"736",3555
"737",4090
"738",3822
"739",3786
"740",4300
"741",4426
"742",4422
"743",5044
"744",3707
"745",3805
"746",4622
"747",4994
"748",4176
"749",4197
"750",4924
"751",4920
"752",4412
"753",4204
"754",3604
"755",3469
"756",4374
"757",4748
"758",4850
"759",4926
"760",4018
"761",4447
"762",4170
"763",3965
"764",4856
"765",4221
"766",4076
"767",3478
"768",3982
"769",3874
"770",3893
"771",4480
"772",4137
"773",3929
"774",3902
"775",3709
"776",3747
"777",4433
"778",3897
"779",4560
"780",4343
"781",3052
"782",3658
"783",4369
"784",3946
"785",4298
"786",4493
"787",4043
"788",4777
"789",4410
"790",4011
"791",3828
"792",3784
"793",4482
"794",4401
"795",4103
"796",3959
"797",4475
"798",5130
"799",4298
"800",4308
"801",3795
"802",4505
"803",4381
"804",4360
"805",5107
"806",4580
"807",3441
"808",4074
"809",4164
"810",4015
"811",4250
"812",3918
"813",4647
"814",5085
"815",4536
"816",4609
"817",5051
"818",4680
"819",4960
"820",4867
"821",4080
"822",4242
"823",4639
"824",4731
"825",4731
"826",4554
"827",5033
"828",4913
"829",5005
"830",4634
"831",4511
"832",4178
"833",4137
"834",4618
"835",4127
"836",3576
"837",4276
"838",4134
"839",4895
"840",4670
"841",4112
"842",4247
"843",4259
"844",4478
"845",3696
"846",3834
"847",4096
"848",3743
"849",4021
"850",4231
"851",4171
"852",4071
"853",5122
"854",4460
"855",4311
"856",3631
"857",4333
"858",4333
"859",4392
"860",4109
"861",4220
"862",2963
"863",4342
"864",4822
"865",4210
"866",5037
"867",3715
"868",4168
"869",3902
"870",3636
"871",4612
"872",4572
"873",4240
"874",4986
"875",4350
"876",4287
"877",4543
"878",4536
"879",4126
"880",4382
"881",4450
"882",5120
"883",4531
"884",4721
"885",4326
"886",4158
"887",4626
"888",5513
"889",4664
"890",5251
"891",4773
"892",4920
"893",4501
"894",4223
"895",4354
"896",4663
"897",4887
"898",4952
"899",5065
"900",4126
"901",4160
"902",4213
"903",5099
"904",5047
"905",5413
"906",5246
"907",5224
"908",4603
"909",4198
"910",5023
"911",4457
"912",4400
"913",4186
"914",3751
"915",4897
"916",4572
"917",4121
"918",3888
"919",3662
"920",4344
"921",3999
"922",4985
"923",4445
"924",4372
"925",4834
"926",3965
"927",5257
"928",4926
"929",3760
"930",4204
"931",4824
"932",3657
"933",4904
"934",3964
"935",4134
"936",3987
"937",4032
"938",4296
"939",4221
"940",4707
"941",4543
"942",5146
"943",4483
"944",4426
"945",4179
"946",4234
"947",4369
"948",4026
"949",3879
"950",4692
"951",4213
"952",4486
"953",4269
"954",4914
"955",4510
"956",4473
"957",3402
"958",4850
"959",4351
"960",4148
"961",4788
"962",4134
"963",4967
"964",5332
"965",4960
"966",3786
"967",5248
"968",4323
"969",3951
"970",3880
"971",4536
"972",3961
"973",4668
"974",3960
"975",5191
"976",4218
"977",4806
"978",4746
"979",4989
"980",4656
"981",4703
"982",3969
"983",4614
"984",4801
"985",4254
"986",5124
"987",4389
"988",4858
"989",4933
"990",4730
"991",4139
"992",4270
"993",4501
"994",2570
"995",3934
"996",4895
"997",4033
"998",4949
"999",3970
"1000",4778
"1001",4704
"1002",4587
"1003",4688
"1004",4647
"1005",5351
"1006",4333
"1007",3972
"1008",4065
"1009",4497
"1010",3990
"1011",3477
"1012",3197
"1013",4518
"1014",4187
"1015",4747
"1016",4371
"1017",4684
"1018",3191
"1019",3473
"1020",4955
"1021",4812
"1022",4175
"1023",3937
"1024",3781
"1025",3777
"1026",4049
"1027",4465
"1028",4769
"1029",4535
"1030",3710
"1031",4107
"1032",3908
"1033",4692
"1034",4212
"1035",3828
"1036",4144
"1037",4456
"1038",4302
"1039",3379
"1040",4555
"1041",3967
"1042",4887
"1043",4466
"1044",4561
"1045",4585
"1046",4620
"1047",4956
"1048",3968
"1049",4639
"1050",3876
"1051",3260
"1052",3884
"1053",4002
"1054",4635
"1055",4322
"1056",4657
"1057",4941
"1058",4573
"1059",4545
"1060",5196
"1061",4215
"1062",4171
"1063",3948
"1064",4369
"1065",5282
"1066",4039
"1067",3914
"1068",4819
"1069",4432
"1070",3935
"1071",4883
"1072",3921
"1073",4281
"1074",4769
"1075",4539
"1076",4283
"1077",4068
"1078",4660
"1079",4320
"1080",4527
"1081",3731
"1082",4512
"1083",3853
"1084",4539
"1085",4072
"1086",4457
"1087",4058
"1088",3213
"1089",4192
"1090",4364
"1091",5083
"1092",4084
"1093",4320
"1094",4861
"1095",4477
"1096",3783
"1097",3718
"1098",4450
"1099",4554
"1100",4831
"1101",4371
"1102",4347
"1103",4471
"1104",4835
"1105",4876
"1106",4397
"1107",4787
"1108",4318
"1109",4689
"1110",4491
"1111",4263
"1112",4435
"1113",4355
"1114",4238
"1115",3897
"1116",4185
"1117",4370
"1118",3902
"1119",3732
"1120",4153
"1121",4290
"1122",3918
"1123",4074
"1124",4747
"1125",4460
"1126",4140
"1127",4448
"1128",4674
"1129",3858
"1130",4519
"1131",3919
"1132",4603
"1133",4382
"1134",4019
"1135",3760
"1136",4368
"1137",4549
"1138",4599
"1139",4655
"1140",4098
"1141",4211
"1142",4619
"1143",4231
"1144",4500
"1145",4103
"1146",4413
"1147",4427
"1148",3907
"1149",4063
"1150",4453
"1151",4637
"1152",4293
"1153",4139
"1154",4511
"1155",3817
"1156",4432
"1157",3456
"1158",4299
"1159",3823
"1160",3993
"1161",4094
"1162",4084
"1163",4535
"1164",3781
"1165",3195
"1166",4615
"1167",4357
"1168",4398
"1169",3716
"1170",3944
"1171",4685
"1172",3477
"1173",3897
"1174",3527
"1175",4407
"1176",4211
"1177",4255
"1178",4770
"1179",4495
"1180",3964
"1181",3836
"1182",4969
"1183",4077
"1184",3702
"1185",4520
"1186",4472
"1187",3481
"1188",3899
"1189",3728
"1190",4487
"1191",3608
"1192",4300
"1193",4686
"1194",4241
"1195",4032
"1196",4029
"1197",4241
"1198",3779
"1199",3637
"1200",4177
"1201",3158
"1202",4348
"1203",4418
"1204",3915
"1205",3982
"1206",3556
"1207",3718
"1208",3827
"1209",3535
"1210",3362
"1211",3642
"1212",3136
"1213",2961
"1214",3797
"1215",3941
"1216",3200
"1217",3607
"1218",3562
"1219",3794
"1220",3895
"1221",3587
"1222",3310
"1223",3875
"1224",3645
"1225",3560
"1226",3234
"1227",3249
"1228",3516
"1229",3306
"1230",4062
"1231",3536
"1232",3589
"1233",3434
"1234",4198
"1235",3289
"1236",3457
"1237",3547
"1238",3071
"1239",4161
"1240",3717
"1241",3998
"1242",3325
"1243",3423
"1244",3953
"1245",3568
"1246",3802
"1247",3325
"1248",3380
"1249",3003
"1250",3550
"1251",3979
"1252",3772
"1253",3866
"1254",3330
"1255",3564
"1256",3760
"1257",3464
"1258",2650
"1259",4305
"1260",3473
"1261",3533
"1262",3756
"1263",3571
"1264",3910
"1265",3467
"1266",3247
"1267",3305
"1268",3647
"1269",4067
"1270",3877
"1271",3975
"1272",4017
"1273",4298
"1274",3702
"1275",3983
"1276",3548
"1277",3714
"1278",3745
"1279",3698
"1280",3909
"1281",3970
"1282",4093
"1283",4110
"1284",3661
"1285",3797
"1286",4176
"1287",3227
"1288",3685
"1289",4007
"1290",3972
"1291",3434
"1292",3536
"1293",3736
"1294",3588
"1295",3708
"1296",3488
"1297",3202
"1298",4194
"1299",4465
"1300",4046
"1301",3153
"1302",3357
"1303",3082
"1304",3419
"1305",3572
"1306",2878
"1307",4258
"1308",3293
"1309",3711
"1310",2899
"1311",3736
"1312",3588
"1313",3204
"1314",4393
"1315",3496
"1316",2843
"1317",3352
"1318",3534
"1319",3549
"1320",2933
"1321",3275
"1322",3234
"1323",3140
"1324",3665
"1325",3698
"1326",4432
"1327",3876
"1328",3157
"1329",3026
"1330",2998
"1331",3322
"1332",3541
"1333",3762
"1334",3231
"1335",3329
"1336",3199
"1337",3536
"1338",3843
"1339",3104
"1340",3306
"1341",2762
"1342",2743
"1343",3264
"1344",3743
"1345",3937
"1346",3718
"1347",2799
"1348",3692
"1349",3606
"1350",4183
"1351",3707
"1352",2679
"1353",3748
"1354",3609
"1355",3579
"1356",3678
"1357",3496
"1358",3871
"1359",3547
"1360",3244
"1361",3904
"1362",3998
"1363",3712
"1364",3711
"1365",3914
"1366",3754
"1367",3414
"1368",3977
"1369",3532
"1370",3820
"1371",3762
"1372",3997
"1373",3744
"1374",3547
"1375",3302
"1376",4243
"1377",4297
"1378",3931
"1379",3548
"1380",4487
"1381",4402
"1382",3403
"1383",3685
"1384",3955
"1385",3848
"1386",3890
"1387",3943
"1388",3817
"1389",3860
"1390",3931
"1391",3503
"1392",3332
"1393",3545
"1394",4198
"1395",4060
"1396",3888
"1397",4173
"1398",4011
"1399",3518
"1400",3518
"1401",4586
"1402",4331
"1403",4218
"1404",4309
"1405",3923
"1406",4220
"1407",3825
"1408",4240
"1409",4257
"1410",3736
"1411",4290
"1412",3958
"1413",4135
"1414",4375
"1415",4289
"1416",3726
"1417",4047
"1418",3709
"1419",4134
"1420",3896
"1421",3547
"1422",4176
"1423",4175
"1424",4706
"1425",4040
"1426",4417
"1427",4281
"1428",3890
"1429",3375
"1430",4187
"1431",4281
"1432",3894
"1433",4222
"1434",4092
"1435",4033
"1436",4114
"1437",4031
"1438",3962
"1439",3928
"1440",3668
"1441",3886
"1442",4169
"1443",3950
"1444",3376
"1445",3360
"1446",4316
"1447",3441
"1448",3734
"1449",3839
"1450",3854
"1451",3998
"1452",3810
"1453",4255
"1454",3794
"1455",3177
"1456",3407
"1457",3905
"1458",4138
"1459",3840
"1460",3764
"1461",3808
"1462",3930
"1463",3796
"1464",3585
"1465",4093
"1466",3873
"1467",3816
"1468",3817
"1469",3873
"1470",3984
"1471",3817
"1472",4268
"1473",3126
"1474",3894
"1475",3453
"1476",3877
"1477",3698
"1478",3453
"1479",3810
"1480",3339
"1481",3929
"1482",4236
"1483",3281
"1484",4200
"1485",3859
"1486",4123
"1487",3236
"1488",3709
"1489",4085
"1490",3775
"1491",3781
"1492",3606
"1493",3656
"1494",3853
"1495",3901
"1496",4158
"1497",3288
"1498",4409
"1499",3918
"1500",3714
"1501",3311
"1502",3052
"1503",3837
"1504",3542
"1505",4030
"1506",4239
"1507",3985
"1508",4281
"1509",4077
"1510",4281
"1511",3617
"1512",3527
"1513",3075
"1514",3015
"1515",3906
"1516",3668
"1517",3369
"1518",3617
"1519",3817
"1520",3923
"1521",3235
"1522",4228
"1523",4094
"1524",3935
"1525",3380
"1526",4490
"1527",4032
"1528",3832
"1529",3744
"1530",3489
"1531",3475
"1532",3444
"1533",3744
"1534",3822
"1535",4156
"1536",2836
"1537",2752
"1538",4148
"1539",4134
"1540",4138
"1541",3956
"1542",4290
"1543",3784
"1544",3606
"1545",3997
"1546",3961
"1547",4280
"1548",3848
"1549",3848
"1550",3263
"1551",3269
"1552",3540
"1553",3382
"1554",4137
"1555",4258
"1556",4261
"1557",3800
"1558",3831
"1559",4108
"1560",3895
"1561",4146
"1562",3681
"1563",3443
"1564",3669
"1565",4413
"1566",3696
"1567",4848
"1568",3949
"1569",2748
"1570",3560
"1571",4160
"1572",4177
"1573",3915
"1574",3945
"1575",3915
"1576",3989
"1577",3517
"1578",4253
"1579",4025
"1580",4208
"1581",4223
"1582",3860
"1583",3330
"1584",3599
"1585",3502
"1586",3809
"1587",4012
"1588",4369
"1589",3353
"1590",4188
"1591",3257
"1592",3894
"1593",4032
"1594",4014
"1595",3535
"1596",4100
"1597",4243
"1598",3952
"1599",4626
"1600",3577
"1601",3732
"1602",3853
"1603",3660
"1604",4791
"1605",3791
"1606",4196
"1607",3543
"1608",3646
"1609",3816
"1610",4022
"1611",4080
"1612",3441
"1613",2959
"1614",3843
"1615",3577
"1616",4355
"1617",4739
"1618",3733
"1619",3477
"1620",4152
"1621",4154
"1622",4535
"1623",4138
"1624",3464
"1625",3639
"1626",3462
"1627",2757
"1628",4186
"1629",4444
"1630",3952
"1631",4300
"1632",3963
"1633",3896
"1634",3051
"1635",5127
"1636",3612
"1637",4336
"1638",4013
"1639",3284
"1640",4347
"1641",4253
"1642",4301
"1643",3907
"1644",4304
"1645",3223
"1646",3474
"1647",4043
"1648",3666
"1649",3753
"1650",4145
"1651",3882
"1652",4286
"1653",3656
"1654",3722
"1655",3979
"1656",3179
"1657",4137
"1658",3927
"1659",4014
"1660",4234
"1661",3419
"1662",3864
"1663",3882
"1664",3546
"1665",3986
"1666",4398
"1667",4015
"1668",4239
"1669",3649
"1670",3295
"1671",3944
"1672",3988
"1673",3901
"1674",3742
"1675",4451
"1676",4249
"1677",4503
"1678",2962
"1679",3988
"1680",3507
"1681",4130
"1682",4112
"1683",4096
"1684",3957
"1685",4319
"1686",4030
"1687",3679
"1688",4112
"1689",3775
"1690",4206
"1691",4286
"1692",4267
"1693",4304
"1694",4105
"1695",3947
"1696",3958
"1697",3623
"1698",4638
"1699",3674
"1700",4019
"1701",4255
"1702",3723
"1703",4518
"1704",3931
"1705",3198
"1706",4295
"1707",4134
"1708",3528
"1709",3569
"1710",3578
"1711",4114
"1712",4553
"1713",3759
"1714",3771
"1715",4105
"1716",4394
"1717",4208
"1718",3607
"1719",4140
"1720",3691
"1721",4211
"1722",3922
"1723",3855
"1724",3848
"1725",3681
"1726",3774
"1727",3833
"1728",3936
"1729",4103
"1730",3425
"1731",4073
"1732",4109
"1733",3418
"1734",3989
"1735",4272
"1736",3599
"1737",3343
"1738",3880
"1739",4595
"1740",4313
"1741",4136
"1742",3968
"1743",4246
"1744",4075
"1745",3809
"1746",3842
"1747",4096
"1748",3901
"1749",4181
"1750",3574
"1751",4031
"1752",3807
"1753",3983
"1754",3336
"1755",3479
"1756",3832
"1757",4272
"1758",4060
"1759",3987
"1760",3819
"1761",3638
"1762",1797
"1763",4132
"1764",4039
"1765",4165
"1766",4450
"1767",4037
"1768",3867
"1769",4100
"1770",3882
"1771",3859
"1772",3594
"1773",4064
"1774",3835
"1775",3882
"1776",4118
"1777",4335
"1778",3790
"1779",4085
"1780",4146
"1781",4459
"1782",4281
"1783",4085
"1784",4146
"1785",3963
"1786",4088
"1787",3858
"1788",4152
"1789",4234
"1790",3761
"1791",4482
"1792",3817
"1793",4074
"1794",3872
"1795",3858
"1796",4480
"1797",4084
"1798",3644
"1799",3968
"1800",4480
"1801",3712
"1802",4136
"1803",4187
"1804",3866
"1805",4170
"1806",3864
"1807",3725
"1808",4096
"1809",3393
"1810",3984
"1811",4154
"1812",3988
"1813",4038
"1814",4203
"1815",4002
"1816",4454
"1817",4427
"1818",4424
"1819",3986
"1820",3793
"1821",4125
"1822",4125
"1823",4200
"1824",3877
"1825",4240
"1826",3683
"1827",2821
"1828",3838
"1829",4363
"1830",3922
"1831",3797
"1832",3555
"1833",3875
"1834",4339
"1835",3518
"1836",4158
"1837",3964
"1838",3287
"1839",3786
"1840",4365
"1841",4454
"1842",3225
"1843",3307
"1844",3421
"1845",4167
"1846",3848
"1847",4115
"1848",4402
"1849",3745
"1850",4264
"1851",3950
"1852",5026
"1853",3398
"1854",4161
"1855",4107
"1856",4045
"1857",4106
"1858",3898
"1859",4140
"1860",4212
"1861",5015
"1862",4034
"1863",4034
"1864",4141
"1865",3863
"1866",4036
"1867",4300
"1868",3777
"1869",4257
"1870",3919
"1871",3336
"1872",4472
"1873",4220
"1874",4530
"1875",3053
"1876",3363
"1877",3973
"1878",4069
"1879",4100
"1880",4284
"1881",4284
"1882",4033
"1883",4134
"1884",4162
"1885",4075
"1886",3680
"1887",3890
"1888",3849
"1889",4040
"1890",3766
"1891",4242
"1892",3716
"1893",3722
"1894",3816
"1895",3781
"1896",4212
"1897",3814
"1898",4333
"1899",3741
"1900",4671
"1901",4215
"1902",3832
"1903",3840
"1904",4166
"1905",3744
"1906",4093
"1907",3721
"1908",4242
"1909",3711
"1910",4201
"1911",3643
"1912",2827
"1913",3657
"1914",4152
"1915",2861
"1916",4187
"1917",3576
"1918",3380
"1919",3488
"1920",3695
"1921",3161
"1922",4241
"1923",4219
"1924",4293
"1925",3884
"1926",3962
"1927",3658
"1928",3809
"1929",3421
"1930",3836
"1931",4067
"1932",4246
"1933",4345
"1934",3035
"1935",3697
"1936",2946
"1937",4254
"1938",4223
"1939",3643
"1940",4018
"1941",3848
"1942",3906
"1943",3703
"1944",4442
"1945",3726
"1946",4294
"1947",4241
"1948",4093
"1949",4045
"1950",4136
"1951",3088
"1952",4160
"1953",3485
"1954",3951
"1955",4467
"1956",4282
"1957",4002
"1958",3847
"1959",4135
"1960",3900
"1961",3672
"1962",3813
"1963",3869
"1964",3593
"1965",4568
"1966",4314
"1967",4324
"1968",3935
"1969",4417
"1970",4113
"1971",4417
"1972",4519
"1973",3974
"1974",3694
"1975",3608
"1976",3817
"1977",4305
"1978",4374
"1979",4849
"1980",4490
"1981",3717
"1982",4210
"1983",4101
"1984",3584
"1985",3848
"1986",3725
"1987",4304
"1988",4227
"1989",4143
"1990",3143
"1991",3508
"1992",4149
"1993",3480
"1994",3970
"1995",3332
"1996",4432
"1997",4125
"1998",3612
"1999",4487
"2000",4380
"2001",3803
"2002",4128
"2003",4379
"2004",4139
"2005",3880
"2006",4081
"2007",4329
"2008",3641
"2009",3797
"2010",3736
"2011",4023
"2012",3568
"2013",3324
"2014",3589
"2015",3563
"2016",2743
"2017",3830
"2018",4392
"2019",4221
"2020",3493
"2021",4306
"2022",3396
"2023",4139
"2024",4245
"2025",3712
"2026",4123
"2027",4202
"2028",2305
"2029",3481
"2030",4209
"2031",4209
"2032",3948
"2033",4422
"2034",4419
"2035",3859
"2036",4829
"2037",3859
"2038",2936
"2039",3806
"2040",3687
"2041",3706
"2042",4627
"2043",4260
"2044",3595
"2045",3811
"2046",4238
"2047",4044
"2048",3882
"2049",3585
"2050",4020
"2051",3619
"2052",4061
"2053",4129
"2054",4096
"2055",4008
"2056",4198
"2057",4142
"2058",4455
"2059",3678
"2060",4296
"2061",4100
"2062",3733
"2063",4365
"2064",3546
"2065",3897
"2066",4498
"2067",4713
"2068",3919
"2069",3960
"2070",4191
"2071",4279
"2072",3588
"2073",4004
"2074",3950
"2075",3883
"2076",4038
"2077",4441
"2078",3801
"2079",3755
"2080",3883
"2081",3687
"2082",3398
"2083",4201
"2084",4472
"2085",4051
"2086",4254
"2087",3782
"2088",3940
"2089",3338
"2090",4521
"2091",4077
"2092",3773
"2093",4582
"2094",4097
"2095",4444
"2096",4433
"2097",4433
"2098",4508
"2099",4385
"2100",2975
"2101",2975
"2102",3773
"2103",3920
"2104",3895
"2105",4125
"2106",3990
"2107",3572
"2108",3868
"2109",3651
"2110",3267
"2111",3616
"2112",3780
"2113",4032
"2114",4354
"2115",4126
"2116",3934
"2117",4211
"2118",4103
"2119",3453
"2120",3502
"2121",3762
"2122",4151
"2123",4202
"2124",4683
"2125",4165
"2126",3774
"2127",4066
"2128",3523
"2129",3598
"2130",3899
"2131",3645
"2132",3260
"2133",3554
"2134",4084
"2135",4609
"2136",4543
"2137",3579
"2138",4095
"2139",3930
"2140",3980
"2141",4363
"2142",3666
"2143",3829
"2144",3992
"2145",3052
"2146",3812
"2147",3545
"2148",4081
"2149",3878
"2150",4418
"2151",3713
"2152",4243
"2153",4402
"2154",4115
"2155",4611
"2156",4441
"2157",4281
"2158",4163
"2159",3500
"2160",4267
"2161",3616
"2162",4054
"2163",3837
"2164",4270
"2165",3620
"2166",4115
"2167",4652
"2168",4200
"2169",3903
"2170",3854
"2171",3995
"2172",3513
"2173",4304
"2174",4229
"2175",3975
"2176",4499
"2177",4755
"2178",3686
"2179",4289
"2180",4096
"2181",4140
"2182",4128
"2183",4426
"2184",3811
"2185",3539
"2186",3595
"2187",3947
"2188",3417
"2189",3417
"2190",3868
"2191",4351
"2192",4204
"2193",3914
"2194",4126
"2195",4442
"2196",3932
"2197",3939
"2198",3617
"2199",3239
"2200",4359
"2201",4381
"2202",4294
"2203",3371
"2204",3628
"2205",3682
"2206",3664
"2207",3876
"2208",3366
"2209",3682
"2210",4585
"2211",3537
"2212",3988
"2213",4056
"2214",3866
"2215",3822
"2216",3515
"2217",4697
"2218",4090
"2219",4151
"2220",4299
"2221",3774
"2222",3528
"2223",3231
"2224",3349
"2225",3368
"2226",3970
"2227",4162
"2228",4465
"2229",4049
"2230",4047
"2231",3701
"2232",3247
"2233",3854
"2234",3379
"2235",3816
"2236",4367
"2237",4543
"2238",4664
"2239",4037
"2240",4098
"2241",4086
"2242",4218
"2243",4116
"2244",3796
"2245",3805
"2246",3223
"2247",3628
"2248",3906
"2249",4378
"2250",4283
"2251",4400
"2252",4486
"2253",3294
"2254",3406
"2255",2990
"2256",3437
"2257",4066
"2258",3962
"2259",3989
"2260",4362
"2261",4018
"2262",4130
"2263",4134
"2264",4003
"2265",4356
"2266",4019
"2267",3208
"2268",4065
"2269",4516
"2270",4470
"2271",3974
"2272",4046
"2273",4144
"2274",3342
"2275",3937
"2276",3699
"2277",4003
"2278",4120
"2279",4150
"2280",4003
"2281",4202
"2282",4023
"2283",4301
"2284",4328
"2285",3733
"2286",3783
"2287",4123
"2288",4168
"2289",3638
"2290",2961
"2291",4115
"2292",4167
"2293",3842
"2294",3963
"2295",4030
"2296",3770
"2297",4334
"2298",3341
"2299",4313
"2300",4033
"2301",4103
"2302",4131
"2303",4009
"2304",4329
"2305",4454
"2306",4322
"2307",4030
"2308",4229
"2309",4072
"2310",3971
"2311",4191
"2312",3753
"2313",4050
"2314",4285
"2315",4217
"2316",3673
"2317",4024
"2318",3104
"2319",4344
"2320",4319
"2321",4314
"2322",4210
"2323",4005
"2324",4333
"2325",4300
"2326",4489
"2327",4328
"2328",3663
"2329",3827
"2330",4025
"2331",3513
"2332",3468
"2333",4408
"2334",4234
"2335",4261
"2336",4083
"2337",4190
"2338",3663
"2339",4392
"2340",3235
"2341",4004
"2342",3944
"2343",3571
"2344",3568
"2345",3816
"2346",3709
"2347",4310
"2348",4321
"2349",4279
"2350",4342
"2351",3309
"2352",3813
"2353",4263
"2354",4210
"2355",3870
"2356",4507
"2357",4807
"2358",3981
"2359",3504
"2360",3940
"2361",4369
"2362",4330
"2363",3711
"2364",4411
"2365",3870
"2366",3709
"2367",4420
"2368",3502
"2369",3958
"2370",3342
"2371",3951
"2372",4161
"2373",4161
"2374",4008
"2375",4151
"2376",4420
"2377",4224
"2378",4277
"2379",3878
"2380",3964
"2381",4447
"2382",4446
"2383",3859
"2384",4372
"2385",4658
"2386",3967
"2387",4190
"2388",3429
"2389",3572
"2390",3905
"2391",4064
"2392",3499
"2393",4147
"2394",4360
"2395",4371
"2396",4019
"2397",3945
"2398",3968
"2399",3839
"2400",3695
"2401",3820
"2402",4397
"2403",4044
"2404",4295
"2405",4340
"2406",4356
"2407",4113
"2408",4026
"2409",3911
"2410",3957
"2411",4213
"2412",4142
"2413",4065
"2414",3702
"2415",4192
"2416",4046
"2417",4188
"2418",3661
"2419",4465
"2420",4538
"2421",4534
"2422",4385
"2423",4359
"2424",4151
"2425",4045
"2426",3872
"2427",3506
"2428",3937
"2429",3942
"2430",3782
"2431",3883
"2432",4402
"2433",3978
"2434",4489
"2435",3945
"2436",3654
"2437",3818
"2438",3955
"2439",4354
"2440",4308
"2441",4277
"2442",4055
"2443",3842
"2444",4478
"2445",4537
"2446",4418
"2447",4488
"2448",4504
"2449",4422
"2450",4143
"2451",4414
"2452",4013
"2453",4227
"2454",4126
"2455",4199
"2456",4191
"2457",4311
"2458",3132
"2459",4034
"2460",4092
"2461",3924
"2462",3997
"2463",4328
"2464",3259
"2465",4439
"2466",4410
"2467",4539
"2468",4524
"2469",4138
"2470",4221
"2471",4445
"2472",3926
"2473",3461
"2474",3557
"2475",4020
"2476",3333
"2477",3900
"2478",4438
"2479",3642
"2480",3249
"2481",3718
"2482",4311
"2483",3623
"2484",4361
"2485",3970
"2486",3257
"2487",3193
"2488",3438
"2489",4342
"2490",4177
"2491",4321
"2492",4158
"2493",4218
"2494",4103
"2495",4449
"2496",4345
"2497",4098
"2498",4192
"2499",4055
"2500",4106
"2501",4275
"2502",3188
"2503",3494
"2504",4293
"2505",4335
"2506",4085
"2507",3266
"2508",3241
"2509",3479
"2510",3822
"2511",3871
"2512",3871
"2513",3822
"2514",3506
"2515",4467
"2516",4187
"2517",4068
"2518",4094
"2519",4091
"2520",4346
"2521",3977
"2522",3645
"2523",3865
"2524",3494
"2525",3205
"2526",3673
"2527",4208
"2528",4156
"2529",4259
"2530",3824
"2531",3312
"2532",3675
"2533",3982
"2534",4297
"2535",4003
"2536",4359
"2537",4427
"2538",4450
"2539",4508
"2540",3894
"2541",3789
"2542",3639
"2543",3857
"2544",3857
"2545",3615
"2546",4524
"2547",4380
"2548",4052
"2549",4316
"2550",3683
"2551",4002
"2552",4034
"2553",3851
"2554",4271
"2555",4122
"2556",3966
"2557",3708
"2558",4051
"2559",4015
"2560",3644
"2561",4160
"2562",3844
"2563",3645
"2564",4248
"2565",4360
"2566",4284
"2567",4359
"2568",4460
"2569",4426
"2570",4399
"2571",4235
"2572",4331
"2573",4049
"2574",3873
"2575",3423
"2576",3740
"2577",3903
"2578",4213
"2579",4473
"2580",4283
"2581",3388
"2582",3815
"2583",4495
"2584",4313
"2585",3999
"2586",3982
"2587",3820
"2588",4204
"2589",3921
"2590",4203
"2591",4142
"2592",4199
"2593",4385
"2594",4215
"2595",4262
"2596",3681
"2597",3905
"2598",3935
"2599",4351
"2600",4122
"2601",4415
"2602",4060
"2603",4511
"2604",4265
"2605",3915
"2606",4147
"2607",4327
"2608",3954
"2609",3905
"2610",4153
"2611",4140
"2612",4046
"2613",4078
"2614",4305
"2615",4399
"2616",4291
"2617",4386
"2618",4560
"2619",4537
"2620",4561
"2621",4284
"2622",4390
"2623",4000
"2624",4075
"2625",3847
"2626",4110
"2627",4033
"2628",4207
"2629",4067
"2630",3975
"2631",3836
"2632",4254
"2633",4353
"2634",4340
"2635",3969
"2636",3444
"2637",3579
"2638",4381
"2639",3934
"2640",3444
"2641",4031
"2642",4106
"2643",4295
"2644",4144
"2645",4303
"2646",4407
"2647",4381
"2648",4355
"2649",4465
"2650",4429
"2651",4211
"2652",3825
"2653",4016
"2654",3757
"2655",3921
"2656",3763
"2657",3706
"2658",4202
"2659",3826
"2660",3929
"2661",4558
"2662",4240
"2663",3969
"2664",4076
"2665",4440
"2666",4109
"2667",4127
"2668",3601
"2669",4013
"2670",4051
"2671",4322
"2672",3832
"2673",4006
"2674",4665
"2675",4463
"2676",4309
"2677",4312
"2678",4280
"2679",3918
"2680",3570
"2681",4040
"2682",4062
"2683",4213
"2684",3929
"2685",4033
"2686",4102
"2687",4266
"2688",3826
"2689",3715
"2690",3965
"2691",4058
"2692",4224
"2693",4224
"2694",4317
"2695",4300
"2696",4309
"2697",4256
"2698",4123
"2699",4007
"2700",3712
"2701",4017
"2702",4190
"2703",3864
"2704",4400
"2705",3928
"2706",3847
"2707",3834
"2708",3854
"2709",4251
"2710",3633
"2711",3907
"2712",4003
"2713",4075
"2714",4302
"2715",4533
"2716",4370
"2717",4277
"2718",4391
"2719",4519
"2720",4445
"2721",4373
"2722",4235
"2723",4178
"2724",4345
"2725",4231
"2726",4066
"2727",4093
"2728",3950
"2729",4129
"2730",4300
"2731",4134
"2732",3876
"2733",3754
"2734",4008
"2735",4563
"2736",4164
"2737",4253
"2738",4257
"2739",4083
"2740",4530
"2741",4161
"2742",4348
"2743",4542
"2744",4555
"2745",4432
"2746",4257
"2747",4174
"2748",4311
"2749",4215
"2750",4198
"2751",4255
"2752",4028
"2753",4031
"2754",4394
"2755",4198
"2756",3932
"2757",3850
"2758",4587
"2759",4352
"2760",4398
"2761",4446
"2762",4400
"2763",4472
"2764",4444
"2765",4393
"2766",4485
"2767",4212
"2768",4204
"2769",4382
"2770",4345
"2771",4208
"2772",4274
"2773",4231
"2774",3769
"2775",3885
"2776",3774
"2777",4282
"2778",3854
"2779",4562
"2780",4441
"2781",3992
"2782",3601
"2783",4002
"2784",4287
"2785",4259
"2786",4471
"2787",4500
"2788",4317
"2789",4395
"2790",4523
"2791",4135
"2792",4351
"2793",4317
"2794",4139
"2795",4035
"2796",4406
"2797",4292
"2798",4121
"2799",4071
"2800",3934
"2801",4476
"2802",4631
"2803",4099
"2804",4372
"2805",4509
"2806",4508
"2807",4580
"2808",4739
"2809",4514
"2810",4503
"2811",4266
"2812",4336
"2813",4367
"2814",4434
"2815",4310
"2816",4031
"2817",4316
"2818",4163
"2819",4104
"2820",4455
"2821",4241
"2822",4158
"2823",4223
"2824",3342
"2825",3911
"2826",3537
"2827",3308
"2828",4148
"2829",4596
"2830",4663
"2831",4642
"2832",4604
"2833",4527
"2834",4434
"2835",4333
"2836",4310
"2837",4287
"2838",4245
"2839",4109
"2840",4208
"2841",4280
"2842",4004
"2843",3741
"2844",4441
"2845",4010
"2846",3652
"2847",4198
"2848",4174
"2849",4256
"2850",4725
"2851",4562
"2852",4229
"2853",4142
"2854",4404
"2855",4260
"2856",4573
"2857",4527
"2858",4625
"2859",4560
"2860",3593
"2861",4517
"2862",4502
"2863",4201
"2864",4419
"2865",4306
"2866",4286
"2867",4161
"2868",3862
"2869",3959
"2870",4127
"2871",3739
"2872",3711
"2873",4220
"2874",4411
"2875",4375
"2876",4334
"2877",4505
"2878",4463
"2879",4563
"2880",4590
"2881",4473
"2882",4472
"2883",3751
"2884",4398
"2885",4414
"2886",3869
"2887",3786
"2888",4233
"2889",4198
"2890",3776
"2891",3994
"2892",4094
"2893",4047
"2894",3893
"2895",4548
"2896",4297
"2897",4339
"2898",4562
"2899",4511
"2900",4488
"2901",4582
"2902",4530
"2903",4332
"2904",4298
"2905",4293
"2906",4259
"2907",4222
"2908",3837
"2909",3790
"2910",3900
"2911",4097
"2912",4181
"2913",3923
"2914",4516
"2915",4009
"2916",4780
"2917",4094
"2918",4571
"2919",4405
"2920",3747
"2921",4246
"2922",4429
"2923",4444
"2924",4471
"2925",4588
"2926",4355
"2927",4466
"2928",4424
"2929",4351
"2930",4321
"2931",4312
"2932",3997
"2933",3480
"2934",3150
"2935",4061
"2936",4082
"2937",3954
"2938",4860
"2939",3866
"2940",4253
"2941",4343
"2942",4642
"2943",4549
"2944",4234
"2945",4303
"2946",4266
"2947",4507
"2948",4095
"2949",4407
"2950",4372
"2951",4502
"2952",4342
"2953",4232
"2954",4160
"2955",4005
"2956",4167
"2957",3876
"2958",4147
"2959",3250
"2960",3539
"2961",3888
"2962",4359
"2963",4413
"2964",4454
"2965",4584
"2966",4815
"2967",4228
"2968",4329
"2969",4379
"2970",4356
"2971",4190
"2972",4569
"2973",4740
"2974",4508
"2975",4322
"2976",4071
"2977",3956
"2978",4015
"2979",3874
"2980",3887
"2981",4243
"2982",3979
"2983",4111
"2984",4694
"2985",3796
"2986",3156
"2987",5029
"2988",4061
"2989",4357
"2990",4387
"2991",4314
"2992",4595
"2993",4742
"2994",4614
"2995",4570
"2996",4729
"2997",4252
"2998",4670
"2999",4391
"3000",4458
"3001",4444
"3002",4517
"3003",4224
"3004",4397
"3005",3937
"3006",3968
"3007",4038
"3008",3882
"3009",4298
"3010",3514
"3011",3924
"3012",4173
"3013",4453
"3014",4685
"3015",3818
"3016",4306
"3017",4436
"3018",4379
"3019",4168
"3020",4401
"3021",4666
"3022",4522
"3023",4608
"3024",4957
"3025",4564
"3026",4483
"3027",4393
"3028",4399
"3029",4590
"3030",4840
"3031",4617
"3032",4376
"3033",4227
"3034",4024
"3035",3897
"3036",1950
"3037",4071
"3038",4353
"3039",4378
"3040",4572
"3041",4264
"3042",4398
"3043",4700
"3044",4569
"3045",4660
"3046",4602
"3047",4479
"3048",4543
"3049",4513
"3050",4705
"3051",4574
"3052",4789
"3053",4449
"3054",4336
"3055",4209
"3056",4227
"3057",3984
"3058",3975
"3059",3397
"3060",4337
"3061",4230
"3062",3985
"3063",4336
"3064",3273
"3065",4484
"3066",4793
"3067",2075
"3068",4410
"3069",4752
"3070",4465
"3071",4466
"3072",4434
"3073",4756
"3074",4549
"3075",4587
"3076",4427
"3077",4718
"3078",4360
"3079",3922
"3080",4137
"3081",4268
"3082",4112
"3083",3655
"3084",3866
"3085",3972
"3086",4473
"3087",3910
"3088",4293
"3089",4379
"3090",4564
"3091",4284
"3092",4024
"3093",4446
"3094",4296
"3095",4605
"3096",4233
"3097",3967
"3098",4382
"3099",4529
"3100",4432
"3101",4389
"3102",4457
"3103",4379
"3104",4442
"3105",3886
"3106",3927
"3107",3925
"3108",3886
"3109",4165
"3110",3639
"3111",3778
"3112",4282
"3113",4327
"3114",4366
"3115",4275
"3116",3943
"3117",4761
"3118",4484
"3119",4388
"3120",4393
"3121",4463
"3122",4428
"3123",4502
"3124",4247
"3125",4914
"3126",4723
"3127",4654
"3128",4466
"3129",4747
"3130",4340
"3131",3938
"3132",4076
"3133",3442
"3134",3849
"3135",3684
"3136",4311
"3137",4230
"3138",4292
"3139",4473
"3140",4403
"3141",4545
"3142",4288
"3143",4401
"3144",4531
"3145",4627
"3146",4027
"3147",3990
"3148",3984
"3149",4318
"3150",4229
"3151",4484
"3152",4528
"3153",4740
"3154",4680
"3155",4400
"3156",4505
"3157",4489
"3158",4438
"3159",4698
"3160",4442
"3161",3952
"3162",4253
"3163",3648
"3164",4130
"3165",4061
"3166",4286
"3167",3982
"3168",4422
"3169",4404
"3170",4341
"3171",4125
"3172",4154
"3173",4511
"3174",4424
"3175",4482
"3176",4606
"3177",4562
"3178",4142
"3179",4546
"3180",4681
"3181",4206
"3182",4349
"3183",4411
"3184",4568
"3185",4051
"3186",4095
"3187",3904
"3188",3509
"3189",4180
"3190",4099
"3191",3804
"3192",4404
"3193",4099
"3194",4393
"3195",4350
"3196",4589
"3197",4746
"3198",4491
"3199",4555
"3200",4468
"3201",4325
"3202",3699
"3203",4503
"3204",4591
"3205",4431
"3206",4521
"3207",4196
"3208",4067
"3209",3978
"3210",4032
"3211",3788
"3212",4116
"3213",3962
"3214",4111
"3215",3949
"3216",3611
"3217",4360
"3218",4134
"3219",3823
"3220",4743
"3221",4239
"3222",2971
"3223",4264
"3224",4487
"3225",4477
"3226",4811
"3227",4548
"3228",4811
"3229",4415
"3230",4669
"3231",4700
"3232",4704
"3233",4471
"3234",4528
"3235",4514
"3236",4473
"3237",4344
"3238",4369
"3239",3922
"3240",4152
"3241",4160
"3242",3854
"3243",3757
"3244",3769
"3245",3707
"3246",4368
"3247",4351
"3248",4339
"3249",4701
"3250",4778
"3251",4647
"3252",4762
"3253",4832
"3254",4475
"3255",4672
"3256",4764
"3257",4279
"3258",4529
"3259",4677
"3260",4531
"3261",4639
"3262",4052
"3263",4397
"3264",4206
"3265",4213
"3266",3763
"3267",3544
"3268",4473
"3269",5020
"3270",4669
"3271",4352
"3272",4554
"3273",4421
"3274",4566
"3275",4470
"3276",4432
"3277",4628
"3278",4566
"3279",3804
"3280",4493
"3281",4408
"3282",4704
"3283",4377
"3284",4880
"3285",4742
"3286",3683
"3287",4516
"3288",4317
"3289",4047
"3290",4106
"3291",4506
"3292",4550
"3293",4088
"3294",4104
"3295",4775
"3296",4688
"3297",4778
"3298",4432
"3299",4445
"3300",4407
"3301",4440
"3302",3994
"3303",4131
"3304",4228
"3305",4325
"3306",4836
"3307",4996
"3308",4728
"3309",4665
"3310",4382
"3311",4541
"3312",4196
"3313",4387
"3314",4325
"3315",4089
"3316",3803
"3317",3825
"3318",3268
"3319",3692
"3320",4613
"3321",4504
"3322",3836
"3323",3939
"3324",3860
"3325",4440
"3326",4617
"3327",4624
"3328",4913
"3329",5014
"3330",4988
"3331",4865
"3332",4715
"3333",4225
"3334",4316
"3335",4129
"3336",4117
"3337",3610
"3338",4120
"3339",3364
"3340",4247
"3341",4451
"3342",4178
"3343",4375
"3344",3657
"3345",4666
"3346",4847
"3347",4899
"3348",4935
"3349",4579
"3350",4469
"3351",3670
"3352",4641
"3353",4276
"3354",4245
"3355",4420
"3356",4678
"3357",4765
"3358",4831
"3359",4676
"3360",4686
"3361",4690
"3362",4342
"3363",4157
"3364",4489
"3365",4646
"3366",3662
"3367",3823
"3368",4361
"3369",3978
"3370",3799
"3371",4075
"3372",3958
"3373",3907
"3374",3899
"3375",3869
"3376",4724
"3377",4613
"3378",4680
"3379",4831
"3380",4619
"3381",4680
"3382",4882
"3383",4417
"3384",4731
"3385",4323
"3386",4331
"3387",4414
"3388",4028
"3389",4360
"3390",3362
"3391",3657
"3392",3754
"3393",4528
"3394",4408
"3395",4294
"3396",3989
"3397",4011
"3398",3522
"3399",4655
"3400",3907
"3401",3894
"3402",3894
"3403",3894
"3404",3894
"3405",4379
"3406",4580
"3407",4675
"3408",4778
"3409",4635
"3410",4443
"3411",4608
"3412",4284
"3413",3924
"3414",3341
"3415",3651
"3416",3607
"3417",3764
"3418",3980
"3419",3537
"3420",4476
"3421",4247
"3422",4337
"3423",4404
"3424",4053
"3425",3737
"3426",4330
"3427",4519
"3428",4604
"3429",4951
"3430",4247
"3431",4351
"3432",4236
"3433",4278
"3434",4477
"3435",4507
"3436",4327
"3437",4159
"3438",3949
"3439",3520
"3440",4213
"3441",4466
"3442",3912
"3443",3776
"3444",4025
"3445",4164
"3446",4269
"3447",4474
"3448",3738
"3449",4778
"3450",3848
"3451",4010
"3452",4408
"3453",4290
"3454",3616
"3455",4376
"3456",4428
"3457",4166
"3458",4389
"3459",4590
"3460",4389
"3461",4388
"3462",4174
"3463",3788
"3464",3768
"3465",4479
"3466",4328
"3467",4081
"3468",4566
"3469",3949
"3470",4261
"3471",4224
"3472",4751
"3473",4510
"3474",4337
"3475",4297
"3476",3692
"3477",4744
"3478",4417
"3479",4154
"3480",4271
"3481",4285
"3482",4127
"3483",4503
"3484",4128
"3485",4195
"3486",3768
"3487",4025
"3488",3199
"3489",4368
"3490",4080
"3491",4482
"3492",4127
"3493",4027
"3494",4007
"3495",4054
"3496",4072
"3497",3851
"3498",4161
"3499",4605
"3500",4468
"3501",4664
"3502",4645
"3503",3842
"3504",3731
"3505",3788
"3506",4023
"3507",4375
"3508",4231
"3509",4183
"3510",3857
"3511",3456
"3512",4207
"3513",3802
"3514",4134
"3515",3819
"3516",3651
"3517",3788
"3518",4729
"3519",4755
"3520",3868
"3521",4183
"3522",4526
"3523",4566
"3524",4155
"3525",4627
"3526",4047
"3527",4551
"3528",4840
"3529",4765
"3530",4750
"3531",4372
"3532",3934
"3533",4465
"3534",4199
"3535",4056
"3536",3974
"3537",4000
"3538",3595
"3539",3604
"3540",4378
"3541",3817
"3542",4230
"3543",4507
"3544",4542
"3545",4218
"3546",4392
"3547",3906
"3548",4519
"3549",4219
"3550",4342
"3551",4370
"3552",4393
"3553",4404
"3554",4044
"3555",4250
"3556",3999
"3557",4447
"3558",4745
"3559",3909
"3560",4509
"3561",4702
"3562",4479
"3563",4291
"3564",4400
"3565",4357
"3566",4374
"3567",4491
"3568",4512
"3569",4797
"3570",4512
"3571",4217
"3572",4057
"3573",4001
"3574",3490
"3575",4160
"3576",4312
"3577",4387
"3578",3858
"3579",3930
"3580",4303
"3581",4500
"3582",4813
"3583",4685
"3584",4408
"3585",4203
"3586",4408
"3587",4374
"3588",4729
"3589",4015
"3590",4517
"3591",4471
"3592",4421
"3593",4474
"3594",4491
"3595",4483
"3596",4084
"3597",4630
"3598",4445
"3599",4451
"3600",4072
"3601",4194
"3602",4209
"3603",4438
"3604",4400
"3605",4712
"3606",4717
"3607",4695
"3608",4275
"3609",3878
"3610",3785
"3611",3540
"3612",4212
"3613",4067
"3614",4780
"3615",4532
"3616",4065
"3617",3779
"3618",3737
"3619",4085
"3620",4367
"3621",4853
"3622",3818
"3623",4908
"3624",4166
"3625",4329
"3626",4259
"3627",4371
"3628",4247
"3629",4394
"3630",4211
"3631",4377
"3632",4080
"3633",4518
"3634",4521
"3635",4518
"3636",4496
"3637",4337
"3638",3991
"3639",3753
"3640",4155
"3641",4123
"3642",3709
"3643",3882
"3644",4644
"3645",4366
"3646",4162
"3647",4766
"3648",4477
"3649",4488
"3650",4363
"3651",4407
"3652",4540
"3653",4376
"3654",4115
"3655",4242
"3656",4981
"3657",4154
"3658",4542
"3659",4210
"3660",4187
"3661",4454
"3662",4387
"3663",4221
"3664",4060
"3665",4236
"3666",3595
"3667",4209
"3668",3860
"3669",4684
"3670",3998
"3671",4537
"3672",3861
"3673",4067
"3674",4509
"3675",4508
"3676",3925
"3677",4723
"3678",5007
"3679",4385
"3680",4383
"3681",4570
"3682",4682
"3683",3641
"3684",4532
"3685",4419
"3686",4267
"3687",4392
"3688",4578
"3689",4728
"3690",4799
"3691",3726
"3692",3752
"3693",3353
"3694",4275
"3695",4262
"3696",4608
"3697",4486
"3698",4271
"3699",4135
"3700",4019
"3701",3758
"3702",4192
"3703",4515
"3704",4462
"3705",4124
"3706",4373
"3707",4253
"3708",4631
"3709",4128
"3710",4442
"3711",4504
"3712",4182
"3713",4814
"3714",4418
"3715",4257
"3716",4666
"3717",3152
"3718",4208
"3719",4287
"3720",4192
"3721",4415
"3722",4154
"3723",4411
"3724",4115
"3725",4250
"3726",4518
"3727",4130
"3728",4360
"3729",3855
"3730",4355
"3731",4402
"3732",4392
"3733",3991
"3734",4126
"3735",4920
"3736",4612
"3737",4831
"3738",4156
"3739",4511
"3740",4879
"3741",3800
"3742",4489
"3743",4399
"3744",4858
"3745",4760
"3746",4497
"3747",4835
"3748",4547
"3749",4821
"3750",4280
"3751",4255
"3752",4142
"3753",4124
"3754",4156
"3755",4330
"3756",4438
"3757",4326
"3758",3820
"3759",4215
"3760",4648
"3761",3469
"3762",4712
"3763",4465
"3764",4465
"3765",4470
"3766",4243
"3767",4697
"3768",3732
"3769",4637
"3770",3989
"3771",4989
"3772",4964
"3773",4545
"3774",4669
"3775",5005
"3776",5080
"3777",2433
"3778",4120
"3779",3936
"3780",4249
"3781",4564
"3782",4179
"3783",4211
"3784",3865
"3785",3570
"3786",3570
"3787",3497
"3788",4612
"3789",3875
"3790",4190
"3791",4466
"3792",4020
"3793",4002
"3794",4457
"3795",4543
"3796",4348
"3797",4358
"3798",4612
"3799",4570
"3800",4049
"3801",4020
"3802",4179
"3803",4277
"3804",4346
"3805",4113
"3806",3751
"3807",3985
"3808",3652
"3809",3938
"3810",3958
"3811",4824
"3812",4612
"3813",3893
"3814",4234
"3815",3486
"3816",3798
"3817",4082
"3818",4228
"3819",4418
"3820",4267
"3821",4060
"3822",4377
"3823",4616
"3824",4162
"3825",3258
"3826",4494
"3827",4330
"3828",4426
"3829",3922
"3830",3749
"3831",4132
"3832",4466
"3833",4357
"3834",4243
"3835",4228
"3836",4046
"3837",3964
"3838",4026
"3839",4297
"3840",4504
"3841",4027
"3842",3971
"3843",3955
"3844",3801
"3845",3915
"3846",3344
"3847",4009
"3848",3577
"3849",4424
"3850",4619
"3851",4211
"3852",4222
"3853",4273
"3854",4592
"3855",4445
"3856",4301
"3857",4192
"3858",4274
"3859",4338
"3860",4107
"3861",4037
"3862",4203
"3863",4140
"3864",4266
"3865",4463
"3866",4401
"3867",4007
"3868",3786
"3869",4000
"3870",3724
"3871",3827
"3872",4399
"3873",4977
"3874",4212
"3875",4101
"3876",4271
"3877",4057
"3878",4182
"3879",4022
"3880",4315
"3881",4193
"3882",4211
"3883",4197
"3884",4333
"3885",4112
"3886",4004
"3887",4307
"3888",3356
"3889",3813
"3890",4136
"3891",3766
"3892",4169
"3893",3694
"3894",4731
"3895",4670
"3896",2624
"3897",4315
"3898",4417
"3899",4283
"3900",4375
"3901",4450
"3902",4213
"3903",3041
"3904",4185
"3905",3959
"3906",3932
"3907",4279
"3908",3832
"3909",4152
"3910",3845
"3911",4272
"3912",4526
"3913",3684
"3914",4281
"3915",4238
"3916",4705
"3917",3963
"3918",4259
"3919",4521
"3920",4221
"3921",4122
"3922",4202
"3923",4204
"3924",4255
"3925",3939
"3926",4055
"3927",4187
"3928",4251
"3929",3879
"3930",3821
"3931",3746
"3932",4356
"3933",3883
"3934",4407
"3935",4914
"3936",4088
"3937",4370
"3938",3954
"3939",4330
"3940",4493
"3941",3821
"3942",4103
"3943",3850
"3944",4302
"3945",3584
"3946",3933
"3947",4231
"3948",4238
"3949",4257
"3950",3998
"3951",4505
"3952",3963
"3953",4216
"3954",3602
"3955",4039
"3956",4440
"3957",4260
"3958",4167
"3959",4412
"3960",4053
"3961",4036
"3962",4117
"3963",4291
"3964",4266
"3965",3752
"3966",3773
"3967",4276
"3968",3600
"3969",3754
"3970",4019
"3971",4397
"3972",4574
"3973",4921
"3974",4733
"3975",4797
"3976",4425
"3977",4450
"3978",4166
"3979",4368
"3980",3905
"3981",4083
"3982",3738
"3983",3978
"3984",3949
"3985",4040
"3986",3738
"3987",3876
"3988",3692
"3989",3570
"3990",3926
"3991",4214
"3992",4015
"3993",4007
"3994",4070
"3995",4153
"3996",4451
"3997",4092
"3998",4328
"3999",4354
"4000",3897
"4001",3657
"4002",3841
"4003",3949
"4004",5085
"4005",4360
"4006",4341
"4007",4229
"4008",4009
"4009",4446
"4010",4538
"4011",4278
"4012",4550
"4013",4864
"4014",4101
"4015",4308
"4016",4161
"4017",4426
"4018",4133
"4019",4129
"4020",4257
"4021",4210
"4022",4341
"4023",4172
"4024",4104
"4025",3912
"4026",4545
"4027",4264
"4028",4614
"4029",4425
"4030",4061
"4031",4097
"4032",4269
"4033",4890
"4034",4694
"4035",4562
"4036",4185
"4037",4087
"4038",4406
"4039",4497
"4040",4671
"4041",4449
"4042",4735
"4043",3581
"4044",4177
"4045",4234
"4046",4285
"4047",4282
"4048",4209
"4049",3949
"4050",4002
"4051",3934
"4052",4183
"4053",4338
"4054",3829
"4055",4280
"4056",4357
"4057",4357
"4058",4423
"4059",4023
"4060",3939
"4061",4451
"4062",4411
"4063",3956
"4064",4426
"4065",4570
"4066",3911
"4067",4859
"4068",4427
"4069",3683
"4070",4205
"4071",4213
"4072",4028
"4073",4337
"4074",4395
"4075",4478
"4076",3923
"4077",4370
"4078",4396
"4079",4007
"4080",3814
"4081",4041
"4082",4291
"4083",4287
"4084",3996
"4085",4450
"4086",4392
"4087",4351
"4088",4220
"4089",4416
"4090",4251
"4091",4199
"4092",4735
"4093",4810
"4094",4133
"4095",4480
"4096",4866
"4097",4071
"4098",3709
"4099",4296
"4100",4535
"4101",4004
"4102",4492
"4103",4584
"4104",4436
"4105",4303
"4106",4302
"4107",4488
"4108",4136
"4109",4221
"4110",4242
"4111",3971
"4112",4156
"4113",4035
"4114",3739
"4115",4078
"4116",4075
"4117",4249
"4118",4340
"4119",4366
"4120",4164
"4121",4475
"4122",4051
"4123",4685
"4124",4492
"4125",3506
"4126",4211
"4127",4604
"4128",4446
"4129",4403
"4130",4027
"4131",4410
"4132",4734
"4133",4785
"4134",4786
"4135",2058
"4136",3875
"4137",4266
"4138",4126
"4139",3862
"4140",3603
"4141",3925
"4142",4157
"4143",4136
"4144",3995
"4145",4208
"4146",4324
"4147",3989
"4148",4154
"4149",4161
"4150",4085
"4151",4060
"4152",4234
"4153",4020
"4154",4320
"4155",4179
"4156",3935
"4157",3935
"4158",3935
"4159",3935
"4160",4655
"4161",4314
"4162",3897
"4163",4113
"4164",4035
"4165",3942
"4166",3521
"4167",3967
"4168",3441
"4169",4300
"4170",4125
"4171",4330
"4172",4318
"4173",4211
"4174",4216
"4175",4049
"4176",4244
"4177",4064
"4178",4287
"4179",4280
"4180",4694
"4181",4475
"4182",4367
"4183",4209
"4184",4333
"4185",4410
"4186",4049
"4187",4069
"4188",3994
"4189",3923
"4190",4446
"4191",4966
"4192",3992
"4193",4191
"4194",4064
"4195",4500
"4196",3985
"4197",4466
"4198",4146
"4199",3869
"4200",4411
"4201",4570
"4202",4505
"4203",5240
"4204",5330
"4205",4490
"4206",4365
"4207",3939
"4208",4296
"4209",4600
"4210",4620
"4211",4870
"4212",4367
"4213",4377
"4214",3921
"4215",4104
"4216",4002
"4217",3948
"4218",4001
"4219",4023
"4220",4060
"4221",3932
"4222",4000
"4223",4046
"4224",4392
"4225",4316
"4226",4476
"4227",4284
"4228",4344
"4229",4187
"4230",3876
"4231",3977
"4232",4061
"4233",4040
"4234",4167
"4235",4407
"4236",3926
"4237",4511
"4238",3998
"4239",4282
"4240",4777
"4241",4359
"4242",4270
"4243",4478
"4244",3857
"4245",4026
"4246",4096
"4247",4065
"4248",4417
"4249",4078
"4250",3957
"4251",3773
"4252",4127
"4253",4636
"4254",4457
"4255",4425
"4256",4441
"4257",4399
"4258",4858
"4259",4479
"4260",5019
"4261",4840
"4262",4344
"4263",4605
"4264",3890
"4265",3751
"4266",4208
"4267",2649
"4268",3967
"4269",4254
"4270",4009
"4271",3588
"4272",4122
"4273",3971
"4274",3976
"4275",3728
"4276",3860
"4277",4510
"4278",4512
"4279",4349
"4280",3751
"4281",4804
"4282",5127
"4283",4577
"4284",4627
"4285",3885
"4286",3824
"4287",4762
"4288",4627
"4289",4342
"4290",3959
"4291",2888
"4292",3734
"4293",4200
"4294",3920
"4295",3943
"4296",4224
"4297",3334
"4298",4369
"4299",4185
"4300",4147
"4301",4358
"4302",4363
"4303",4244
"4304",4608
"4305",4680
"4306",4451
"4307",4475
"4308",4551
"4309",4266
"4310",4074
"4311",4010
"4312",3856
"4313",4273
"4314",4899
"4315",4066
"4316",4265
"4317",4641
"4318",4822
"4319",4116
"4320",4088
"4321",4130
"4322",4212
"4323",3842
"4324",4268
"4325",4336
"4326",4250
"4327",4568
"4328",4413
"4329",4360
"4330",3936
"4331",4444
"4332",4580
"4333",4425
"4334",4464
"4335",4456
"4336",4152
"4337",4673
"4338",4061
"4339",4659
"4340",4523
"4341",3950
"4342",4081
"4343",4084
"4344",4093
"4345",4167
"4346",4265
"4347",4348
"4348",4347
"4349",4391
"4350",4426
"4351",4381
"4352",4321
"4353",4434
"4354",3852
"4355",4022
"4356",4358
"4357",3916
"4358",4104
"4359",4660
"4360",4159
"4361",3834
"4362",3709
"4363",4056
"4364",4342
"4365",4108
"4366",3909
"4367",4172
"4368",4092
"4369",4138
"4370",4602
"4371",4399
"4372",4127
"4373",3639
"4374",3830
"4375",4246
"4376",4309
"4377",4215
"4378",4391
"4379",3935
"4380",4471
"4381",4173
"4382",4003
"4383",4036
"4384",4466
"4385",4381
"4386",3953
"4387",4237
"4388",4271
"4389",4151
"4390",4181
"4391",4190
"4392",3992
"4393",3873
"4394",4197
"4395",4112
"4396",4833
"4397",4054
"4398",3971
"4399",3802
"4400",4847
"4401",4834
"4402",3992
"4403",4698
"4404",4335
"4405",4577
"4406",4602
"4407",4316
"4408",4972
"4409",3210
"4410",3966
"4411",3866
"4412",4034
"4413",4200
"4414",4009
"4415",4188
"4416",5192
"4417",3350
"4418",3839
"4419",4459
"4420",3400
"4421",4342
"4422",4836
"4423",3791
"4424",4478
"4425",2971
"4426",3916
"4427",4437
"4428",4497
"4429",4261
"4430",4375
"4431",4765
"4432",4323
"4433",4230
"4434",5030
"4435",4441
"4436",4190
"4437",4054
"4438",4903
"4439",4050
"4440",4719
"4441",4815
"4442",4207
"4443",4642
"4444",4535
"4445",4528
"4446",4577
"4447",4324
"4448",4872
"4449",4771
"4450",4634
"4451",4278
"4452",4341
"4453",3873
"4454",5023
"4455",4039
"4456",3463
"4457",4627
"4458",4662
"4459",2053
"4460",5411
"4461",5038
"4462",3225
"4463",5418
"4464",4853
"4465",4643
"4466",3494
"4467",3264
"4468",4082
"4469",4262
"4470",4301
"4471",4483
"4472",4510
"4473",4768
"4474",4664
"4475",5136
"4476",4512
"4477",4470
"4478",4559
"4479",5248
"4480",4965
"4481",4442
"4482",3369
"4483",3112
"4484",5189
"4485",4711
"4486",4312
"4487",4412
"4488",4496
"4489",4382
"4490",3173
"4491",4377
"4492",4358
"4493",4290
"4494",4300
"4495",4588
"4496",4729
"4497",4809
"4498",4897
"4499",4925
"4500",4578
"4501",4282
"4502",4842
"4503",4598
"4504",5245
"4505",5134
"4506",4576
"4507",5707
"4508",4665
"4509",4013
"4510",4328
"4511",3613
"4512",4845
"4513",4565
"4514",4884
"4515",4534
"4516",4403
"4517",4565
"4518",4622
"4519",4680
"4520",4789
"4521",4661
"4522",4664
"4523",5047
"4524",4829
"4525",4605
"4526",4407
"4527",4632
"4528",4418
"4529",5185
"4530",4590
"4531",3740
"4532",3011
"4533",4523
"4534",4937
"4535",4705
"4536",4733
"4537",4969
"4538",4723
"4539",4451
"4540",5038
"4541",4667
"4542",4225
"4543",4486
"4544",4472
"4545",4584
"4546",4174
"4547",4421
"4548",4609
"4549",4690
"4550",4385
"4551",4528
"4552",4458
"4553",4845
"4554",4782
"4555",4773
"4556",4664
"4557",4230
"4558",4492
"4559",4342
"4560",4243
"4561",4222
"4562",4967
"4563",4477
"4564",5059
"4565",4520
"4566",4165
"4567",4194
"4568",4812
"4569",3977
"4570",4223
"4571",4529
"4572",4566
"4573",4696
"4574",4547
"4575",4716
"4576",4166
"4577",4517
"4578",4748
"4579",4678
"4580",4607
"4581",4265
"4582",3268
"4583",2980
"4584",4479
"4585",4139
"4586",4547
"4587",4738
"4588",4777
"4589",4823
"4590",4847
"4591",4181
"4592",4428
"4593",4779
"4594",4361
"4595",4350
"4596",4389
"4597",4666
"4598",4837
"4599",4445
"4600",4232
"4601",4132
"4602",4562
"4603",4578
"4604",4389
"4605",4507
"4606",4860
"4607",4602
"4608",4735
"4609",4396
"4610",4253
"4611",4359
"4612",4038
"4613",4553
"4614",4692
"4615",3956
"4616",3437
"4617",4705
"4618",4471
"4619",4749
"4620",4468
"4621",4370
"4622",4596
"4623",4458
"4624",4441
"4625",4445
"4626",4424
"4627",4700
"4628",4918
"4629",4590
"4630",4383
"4631",4428
"4632",3652
"4633",4291
"4634",4512
"4635",4459
"4636",4311
"4637",4271
"4638",4569
"4639",4855
"4640",4602
"4641",4180
"4642",4723
"4643",4548
"4644",4529
"4645",4507
"4646",4614
"4647",4698
"4648",4249
"4649",4519
"4650",4605
"4651",4506
"4652",4558
"4653",4665
"4654",4575
"4655",4473
"4656",4738
"4657",4782
"4658",4395
"4659",4482
"4660",4084
"4661",4830
"4662",4844
"4663",4508
"4664",4363
"4665",4234
"4666",4193
"4667",4257
"4668",4567
"4669",4810
"4670",4692
"4671",4697
"4672",4761
"4673",4330
"4674",4522
"4675",4551
"4676",4341
"4677",4483
"4678",4472
"4679",4663
"4680",4784
"4681",4383
"4682",4917
"4683",4729
"4684",4579
"4685",4733
"4686",4611
"4687",4559
"4688",4616
"4689",5256
"4690",4514
"4691",4771
"4692",4264
"4693",4515
"4694",4434
"4695",4654
"4696",4743
"4697",4461
"4698",4578
"4699",4726
"4700",4678
"4701",4757
"4702",4472
"4703",4338
"4704",4462
"4705",4611
"4706",4346
"4707",4182
"4708",4492
"4709",4181
"4710",4588
"4711",4428
"4712",4501
"4713",4628
"4714",4663
"4715",4276
"4716",4159
"4717",4266
"4718",4235
"4719",4108
"4720",5822
"4721",5332
"4722",4693
"4723",4524
"4724",4415
"4725",4328
"4726",4339
"4727",4727
"4728",4493
"4729",4288
"4730",4332
"4731",4435
"4732",4541
"4733",4260
"4734",4247
"4735",4483
"4736",5060
"4737",4685
"4738",4474
"4739",4605
"4740",4579
"4741",4782
"4742",4911
"4743",4837
"4744",4478
"4745",4363
"4746",4642
"4747",4461
"4748",4313
"4749",4156
"4750",4301
"4751",4534
"4752",4313
"4753",4468
"4754",4773
"4755",4516
"4756",4600
"4757",4657
"4758",4812
"4759",4669
"4760",4655
"4761",4580
"4762",4211
"4763",4897
"4764",5693
"4765",5177
"4766",5559
"4767",4453
"4768",2789
"4769",4639
"4770",4193
"4771",4622
"4772",4536
"4773",4804
"4774",4260
"4775",4257
"4776",4179
"4777",4216
"4778",4282
"4779",4527
"4780",4816
"4781",4642
"4782",4290
"4783",4645
"4784",4634
"4785",4676
"4786",4879
"4787",4827
"4788",5691
"4789",5901
"4790",5645
"4791",4283
"4792",5082
"4793",4390
"4794",4378
"4795",4458
"4796",4328
"4797",4146
"4798",4198
"4799",4229
"4800",4832
"4801",4583
"4802",4960
"4803",4237
"4804",4405
"4805",4422
"4806",4777
"4807",4545
"4808",4678
"4809",5015
"4810",4424
"4811",4387
"4812",4438
"4813",4561
"4814",4268
"4815",4549
"4816",4586
"4817",4127
"4818",4067
"4819",4335
"4820",4454
"4821",4552
"4822",4351
"4823",4456
"4824",4598
"4825",4533
"4826",5345
"4827",5332
"4828",4891
"4829",4570
"4830",4843
"4831",4380
"4832",5001
"4833",4288
"4834",4454
"4835",4050
"4836",5037
"4837",4288
"4838",4316
"4839",4320
"4840",4360
"4841",4130
"4842",4593
"4843",4345
"4844",4140
"4845",4089
"4846",4095
"4847",4439
"4848",4447
"4849",4828
"4850",4465
"4851",4467
"4852",4233
"4853",4327
"4854",4530
"4855",4533
"4856",4453
"4857",6109
"4858",5017
"4859",4959
"4860",5057
"4861",4526
"4862",4575
"4863",4281
"4864",4000
"4865",4008
"4866",4210
"4867",4141
"4868",4377
"4869",4110
"4870",4188
"4871",4194
"4872",4707
"4873",4108
"4874",4134
"4875",4837
"4876",5166
"4877",5125
"4878",4684
"4879",4613
"4880",4374
"4881",4559
"4882",4534
"4883",4596
"4884",4850
"4885",4552
"4886",4647
"4887",4453
"4888",4059
"4889",4091
"4890",4225
"4891",4164
"4892",4276
"4893",4397
"4894",4156
"4895",4253
"4896",4192
"4897",4804
"4898",4605
"4899",4589
"4900",4407
"4901",5478
"4902",5396
"4903",5823
"4904",5678
"4905",5154
"4906",3691
"4907",4859
"4908",4748
"4909",4805
"4910",4454
"4911",4458
"4912",4251
"4913",4202
"4914",4236
"4915",4157
"4916",4264
"4917",4378
"4918",4360
"4919",4048
"4920",4160
"4921",4776
"4922",4500
"4923",4439
"4924",4801
"4925",4535
"4926",5020
"4927",4633
"4928",5199
"4929",4523
"4930",4875
"4931",4804
"4932",4333
"4933",4100
"4934",4274
"4935",4128
"4936",4347
"4937",4213
"4938",4182
"4939",4137
"4940",4198
"4941",4238
"4942",4183
"4943",3927
"4944",4377
"4945",4265
"4946",4959
"4947",4681
"4948",4872
"4949",5303
"4950",4923
"4951",4288
"4952",3935
"4953",4205
"4954",4080
"4955",4125
"4956",4271
"4957",4062
"4958",4117
"4959",4190
"4960",4003
"4961",4195
"4962",4180
"4963",4079
"4964",5293
"4965",6204
"4966",5394
"4967",4279
"4968",4592
"4969",5748
"4970",6024
"4971",4699
"4972",3861
"4973",4596
"4974",4386
"4975",4424
"4976",4240
"4977",4199
"4978",4202
"4979",4114
"4980",4077
"4981",4060
"4982",4244
"4983",4317
"4984",5411
"4985",5965
"4986",5653
"4987",5631
"4988",4997
"4989",4913
"4990",4699
"4991",4508
"4992",4372
"4993",4214
"4994",4278
"4995",4237
"4996",4217
"4997",4269
"4998",4146
"4999",4282
"5000",4952
"5001",4474
"5002",4125
"5003",6078
"5004",5852
"5005",5589
"5006",5433
"5007",5213
"5008",4719
"5009",4967
"5010",4688
"5011",4570
"5012",4326
"5013",4123
"5014",4108
"5015",4096
"5016",4683
"5017",4529
"5018",4426
"5019",5656
"5020",5979
"5021",5830
"5022",4151
"5023",5519
"5024",5009
"5025",4778
"5026",5085
"5027",4837
"5028",4332
"5029",4118
"5030",4141
"5031",4104
"5032",4168
"5033",4102
"5034",4258
"5035",4023
"5036",4007
"5037",5680
"5038",5775
"5039",5506
"5040",4706
"5041",5777
"5042",5063
"5043",4904
"5044",4981
"5045",5456
"5046",4602
"5047",4088
"5048",4097
"5049",2855
"5050",4909
"5051",5787
"5052",5886
"5053",5894
"5054",4487
"5055",5661
"5056",5150
"5057",5282
"5058",4643
"5059",4030
"5060",3971
"5061",3932
"5062",4102
"5063",4060
"5064",4208
"5065",4059
"5066",4301
"5067",5767
"5068",5712
"5069",5816
"5070",5977
"5071",5077
"5072",5522
"5073",4893
"5074",5177
"5075",5069
"5076",4090
"5077",4136
"5078",4275
"5079",4070
"5080",4191
"5081",5988
"5082",4875
"5083",5353
"5084",4859
"5085",3284
"5086",4259
"5087",4106
"5088",4013
"5089",4020
"5090",4049
"5091",5368
"5092",4920
"5093",4527
"5094",4239
"5095",4131
"5096",4070
"5097",4517
"5098",5568
"5099",4622
"5100",4830
"5101",5142
"5102",4455
"5103",4894
"5104",4385
"5105",5635
"5106",4546
"5107",4503
"5108",4748
"5109",4849
"5110",4636
"5111",4361
"5112",4298
"5113",4471
"5114",4592
"5115",4191
"5116",4397
"5117",5414
"5118",5069
"5119",4300
"5120",4576
"5121",4389
"5122",4305
"5123",4614
"5124",4806
"5125",4786
"5126",4542
"5127",3487
"5128",4223
"5129",3971
"5130",4122
"5131",3587
"5132",4756
"5133",3809
"5134",4115
"5135",4470
"5136",3328
"5137",3905
"5138",3912
"5139",3729
"5140",3813
"5141",4278
"5142",4360
"5143",4414
"5144",4087
"5145",3929
"5146",4081
"5147",4489
"5148",3806
"5149",3553
"5150",4397
"5151",3879
"5152",3946
"5153",3949
"5154",3858
"5155",4026
"5156",3319
"5157",3985
"5158",3819
"5159",4305
"5160",4282
"5161",4034
"5162",4449
"5163",3920
"5164",4517
"5165",3360
"5166",4516
"5167",4654
"5168",3242
"5169",3621
"5170",3052
"5171",3677
"5172",3556
"5173",3802
"5174",4924
"5175",4837
"5176",3677
"5177",3953
"5178",3461
"5179",4704
"5180",3809
"5181",4419
"5182",4728
"5183",4705
"5184",3930
"5185",3798
"5186",3623
"5187",4460
"5188",4512
"5189",3773
"5190",4307
"5191",4146
"5192",4587
"5193",3910
"5194",3987
"5195",4435
"5196",4487
"5197",3431
"5198",4194
"5199",4158
"5200",4193
"5201",4404
"5202",4355
"5203",4748
"5204",4234
"5205",4067
"5206",4547
"5207",4531
"5208",4607
"5209",4146
"5210",4156
"5211",3226
"5212",3755
"5213",4185
"5214",4239
"5215",4418
"5216",4117
"5217",4528
"5218",4309
"5219",4482
"5220",5460
"5221",3963
"5222",3673
"5223",4293
"5224",4005
"5225",4902
"5226",4677
"5227",3990
"5228",3738
"5229",3917
"5230",3621
"5231",4198
"5232",4158
"5233",4009
"5234",3798
"5235",4088
"5236",4376
"5237",4169
"5238",4378
"5239",4273
"5240",4169
"5241",4525
"5242",4023
"5243",4134
"5244",4338
"5245",4545
"5246",4226
"5247",4173
"5248",4111
"5249",4431
"5250",4276
"5251",4406
"5252",4737
"5253",4072
"5254",4266
"5255",3850
"5256",4821
"5257",4184
"5258",3591
"5259",4021
"5260",3607
"5261",4277
"5262",4034
"5263",3965
"5264",3332
"5265",3866
"5266",4805
"5267",4226
"5268",4190
"5269",4653
"5270",4154
"5271",3922
"5272",4219
"5273",3079
"5274",3779
"5275",3565
"5276",3964
"5277",4275
"5278",5001
"5279",3559
"5280",4125
"5281",4083
"5282",3840
"5283",4571
"5284",4662
"5285",4678
"5286",4218
"5287",3569
"5288",3685
"5289",3828
"5290",4158
"5291",4016
"5292",3931
"5293",3777
"5294",3907
"5295",4175
"5296",4225
"5297",4692
"5298",4188
"5299",4685
"5300",4269
"5301",4185
"5302",4352
"5303",4263
"5304",4394
"5305",4508
"5306",4174
"5307",4551
"5308",4329
"5309",4306
"5310",4512
"5311",4305
"5312",4314
"5313",4527
"5314",4664
"5315",3886
"5316",4813
"5317",3929
"5318",4404
"5319",4042
"5320",4244
"5321",4108
"5322",4137
"5323",3974
"5324",4893
"5325",4275
"5326",3714
"5327",5125
"5328",4480
"5329",3725
"5330",3985
"5331",4306
"5332",4917
"5333",4144
"5334",4371
"5335",4042
"5336",3963
"5337",4856
"5338",4399
"5339",3237
"5340",4348
"5341",3382
"5342",4557
"5343",4373
"5344",3526
"5345",4826
"5346",3934
"5347",4248
"5348",4353
"5349",4181
"5350",4160
"5351",4293
"5352",4081
"5353",3967
"5354",3951
"5355",3861
"5356",3581
"5357",4352
"5358",4346
"5359",4277
"5360",3708
"5361",4377
"5362",4162
"5363",4237
"5364",4207
"5365",4541
"5366",4693
"5367",4187
"5368",4242
"5369",3946
"5370",4366
"5371",4226
"5372",4567
"5373",4843
"5374",4449
"5375",4301
"5376",4562
"5377",4308
"5378",4615
"5379",4485
"5380",4568
"5381",4649
"5382",3578
"5383",4680
"5384",3892
"5385",4619
"5386",5309
"5387",4903
"5388",4555
"5389",4173
"5390",4394
"5391",4542
"5392",4178
"5393",4554
"5394",4385
"5395",4533
"5396",3286
"5397",4241
"5398",3993
"5399",4624
"5400",4031
"5401",4361
"5402",3788
"5403",3061
"5404",5217
"5405",4379
"5406",4511
"5407",4310
"5408",4499
"5409",3435
"5410",3533
"5411",3644
"5412",4310
"5413",4044
"5414",4843
"5415",3414
"5416",3215
"5417",2903
"5418",4524
"5419",3239
"5420",4330
"5421",3425
"5422",4140
"5423",4108
"5424",4285
"5425",3973
"5426",4397
"5427",4785
"5428",3718
"5429",3909
"5430",4533
"5431",4415
"5432",3790
"5433",4096
"5434",4381
"5435",3105
"5436",3635
"5437",4233
"5438",4403
"5439",4224
"5440",4081
"5441",4050
"5442",4123
"5443",4210
"5444",4287
"5445",4485
"5446",4528
"5447",3705
"5448",4754
"5449",4360
"5450",4515
"5451",4349
"5452",4497
"5453",4265
"5454",4886
"5455",4383
"5456",4124
"5457",4854
"5458",4937
"5459",4584
"5460",4031
"5461",4345
"5462",4199
"5463",4940
"5464",4398
"5465",3363
"5466",4015
"5467",4155
"5468",4315
"5469",4996
"5470",4426
"5471",4014
"5472",3790
"5473",3921
"5474",4054
"5475",3954
"5476",4220
"5477",4234
"5478",4650
"5479",3874
"5480",3786
"5481",4873
"5482",4524
"5483",2710
"5484",4499
"5485",3815
"5486",4409
"5487",3886
"5488",4065
"5489",4656
"5490",4069
"5491",4259
"5492",4395
"5493",4603
"5494",4301
"5495",3015
"5496",4203
"5497",4646
"5498",4204
"5499",3140
"5500",4434
"5501",4568
"5502",4093
"5503",4092
"5504",4581
"5505",4313
"5506",4285
"5507",3979
"5508",4198
"5509",3833
"5510",5045
"5511",4591
"5512",4545
"5513",3849
"5514",3735
"5515",4027
"5516",4250
"5517",4138
"5518",3724
"5519",4046
"5520",4288
"5521",3783
"5522",3944
"5523",4321
"5524",3915
"5525",4037
"5526",3980
"5527",4259
"5528",4318
"5529",4148
"5530",4308
"5531",4282
"5532",4402
"5533",4287
"5534",4575
"5535",4220
"5536",4378
"5537",4532
"5538",4448
"5539",4359
"5540",4508
"5541",4525
"5542",4464
"5543",4505
"5544",4471
"5545",4623
"5546",4509
"5547",4542
"5548",4665
"5549",4400
"5550",4294
"5551",4658
"5552",4468
"5553",3831
"5554",3762
"5555",3668
"5556",4868
"5557",4410
"5558",4910
"5559",4160
"5560",4133
"5561",4489
"5562",4845
"5563",3907
"5564",4322
"5565",3432
"5566",3750
"5567",4666
"5568",4499
"5569",3958
"5570",4227
"5571",3476
"5572",3640
"5573",4273
"5574",2832
"5575",4759
"5576",3662
"5577",4165
"5578",3659
"5579",4417
"5580",3759
"5581",4185
"5582",3982
"5583",3427
"5584",3864
"5585",3698
"5586",3602
"5587",3450
"5588",4538
"5589",3411
"5590",3734
"5591",4566
"5592",3611
"5593",3961
"5594",4902
"5595",4749
"5596",4681
"5597",4518
"5598",4183
"5599",3680
"5600",4204
"5601",4150
"5602",3960
"5603",4473
"5604",4068
"5605",3727
"5606",2819
"5607",3749
"5608",4247
"5609",3884
"5610",4166
"5611",3899
"5612",3938
"5613",4013
"5614",4097
"5615",4221
"5616",3874
"5617",4224
"5618",4686
"5619",4219
"5620",4364
"5621",4431
"5622",4466
"5623",4341
"5624",4408
"5625",4279
"5626",4377
"5627",4419
"5628",4676
"5629",4535
"5630",4246
"5631",4654
"5632",4942
"5633",4439
"5634",4655
"5635",4690
"5636",4176
"5637",4579
"5638",4708
"5639",4247
"5640",4520
"5641",4055
"5642",4246
"5643",1448
"5644",3770
"5645",3785
"5646",4466
"5647",3884
"5648",4463
"5649",4466
"5650",4040
"5651",4390
"5652",4509
"5653",4168
"5654",4297
"5655",3909
"5656",4789
"5657",4421
"5658",4373
"5659",3765
"5660",3498
"5661",4268
"5662",4271
"5663",3646
"5664",4378
"5665",3944
"5666",3602
"5667",3813
"5668",4261
"5669",3828
"5670",3545
"5671",4688
"5672",4463
"5673",4011
"5674",4594
"5675",4369
"5676",4093
"5677",4057
"5678",3689
"5679",4178
"5680",4468
"5681",4039
"5682",3207
"5683",4143
"5684",4640
"5685",4514
"5686",4527
"5687",4309
"5688",3822
"5689",4483
"5690",3846
"5691",3576
"5692",4268
"5693",4287
"5694",4362
"5695",4854
"5696",3811
"5697",4636
"5698",4920
"5699",3984
"5700",4301
"5701",4017
"5702",4269
"5703",4291
"5704",4195
"5705",3367
"5706",4491
"5707",3033
"5708",4096
"5709",4211
"5710",4131
"5711",4040
"5712",3608
"5713",4048
"5714",4050
"5715",3265
"5716",3121
"5717",3265
"5718",3136
"5719",3362
"5720",3417
"5721",3367
"5722",4435
"5723",3174
"5724",3516
"5725",3581
"5726",3649
"5727",3102
"5728",3383
"5729",3313
"5730",3387
"5731",3804
"5732",3604
"5733",4306
"5734",3394
"5735",3061
"5736",3363
"5737",4036
"5738",3908
"5739",3863
"5740",3502
"5741",3614
"5742",4142
"5743",2062
"5744",3845
"5745",4083
"5746",4037
"5747",4879
"5748",4437
"5749",3378
"5750",4119
"5751",4746
"5752",6085
"5753",4538
"5754",5075
"5755",4168
"5756",3457
"5757",4692
"5758",4407
"5759",3790
"5760",4952
"5761",3958
"5762",4225
"5763",3950
"5764",4094
"5765",3616
"5766",4168
"5767",4195
"5768",3716
"5769",4192
"5770",3816
"5771",3770
"5772",3711
"5773",4308
"5774",3016
"5775",4123
"5776",3804
"5777",3690
"5778",4467
"5779",3996
"5780",3882
"5781",4660
"5782",4435
"5783",3340
"5784",4035
"5785",5133
"5786",4097
"5787",4808
"5788",3293
"5789",3930
"5790",3431
"5791",4649
"5792",4351
"5793",4353
"5794",2736
"5795",4025
"5796",4395
"5797",3733
"5798",3861
"5799",3946
"5800",4732
"5801",4187
"5802",4316
"5803",3956
"5804",3785
"5805",4928
"5806",4641
"5807",4288
"5808",3973
"5809",3653
"5810",4139
"5811",3612
"5812",1827
"5813",2783
"5814",3812
"5815",4675
"5816",4104
"5817",3811
"5818",4188
"5819",4767
"5820",3206
"5821",4510
"5822",4676
"5823",4102
"5824",4503
"5825",4523
"5826",3598
"5827",4371
"5828",4429
"5829",4803
"5830",4626
"5831",4387
"5832",4241
"5833",4003
"5834",4679
"5835",4266
"5836",3935
"5837",3925
"5838",3404
"5839",4145
"5840",4409
"5841",4628
"5842",4176
"5843",4503
"5844",4195
"5845",4010
"5846",4530
"5847",4057
"5848",4356
"5849",4344
"5850",4008
"5851",4037
"5852",4197
"5853",4196
"5854",4415
"5855",4277
"5856",3731
"5857",3708
"5858",4538
"5859",4318
"5860",3788
"5861",4030
"5862",3823
"5863",3653
"5864",4159
"5865",3593
"5866",4395
"5867",4028
"5868",4231
"5869",4078
"5870",4535
"5871",4041
"5872",4356
"5873",4104
"5874",4389
"5875",4177
"5876",4270
"5877",4676
"5878",4330
"5879",4406
"5880",4298
"5881",4625
"5882",4491
"5883",4617
"5884",4546
"5885",4569
"5886",4459
"5887",4542
"5888",4429
"5889",4174
"5890",4261
"5891",4805
"5892",4642
"5893",4730
"5894",4589
"5895",4084
"5896",1050
"5897",3917
"5898",3606
"5899",3909
"5900",4125
"5901",2844
"5902",4132
"5903",3831
"5904",4383
"5905",4347
"5906",4651
"5907",4177
"5908",4034
"5909",3759
"5910",4229
"5911",4148
"5912",4347
"5913",4050
"5914",4185
"5915",4515
"5916",3915
"5917",4509
"5918",3984
"5919",4799
"5920",4948
"5921",4015
"5922",3915
"5923",4656
"5924",3989
"5925",4811
"5926",4691
"5927",4239
"5928",3946
"5929",4169
"5930",4014
"5931",4387
"5932",4311
"5933",4327
"5934",4596
"5935",4326
"5936",4417
"5937",4109
"5938",3907
"5939",4326
"5940",4266
"5941",3975
"5942",4136
"5943",4138
"5944",4095
"5945",4490
"5946",4334
"5947",4470
"5948",4292
"5949",4022
"5950",4130
"5951",4124
"5952",4526
"5953",4520
"5954",4681
"5955",4711
"5956",4698
"5957",4797
"5958",4330
"5959",4674
"5960",4432
"5961",4705
"5962",4634
"5963",4428
"5964",4666
"5965",4419
"5966",5229
"5967",4739
"5968",3994
"5969",4212
"5970",4485
"5971",4464
"5972",3575
"5973",4289
"5974",4060
"5975",3315
"5976",3944
"5977",3413
"5978",4053
"5979",4085
"5980",3962
"5981",4253
"5982",3694
"5983",4547
"5984",4087
"5985",3276
"5986",3659
"5987",4698
"5988",4130
"5989",3781
"5990",4090
"5991",3146
"5992",3707
"5993",4060
"5994",4307
"5995",4150
"5996",4564
"5997",4532
"5998",5037
"5999",4461
"6000",4349
"6001",4455
"6002",4215
"6003",3953
"6004",4474
"6005",4839
"6006",4607
"6007",4413
"6008",4190
"6009",4551
"6010",4716
"6011",3870
"6012",4308
"6013",4255
"6014",4259
"6015",4327
"6016",4352
"6017",4460
"6018",4660
"6019",4041
"6020",4351
"6021",3827
"6022",4233
"6023",4778
"6024",4098
"6025",4275
"6026",4572
"6027",4706
"6028",4853
"6029",4727
"6030",4803
"6031",4373
"6032",4820
"6033",4630
"6034",4586
"6035",4881
"6036",4935
"6037",4846
"6038",4010
"6039",4923
"6040",4921
"6041",3554
"6042",4627
"6043",4900
"6044",3450
"6045",2726
"6046",3738
"6047",4087
"6048",4200
"6049",3894
"6050",4299
"6051",5180
"6052",3395
"6053",4231
"6054",3975
"6055",4013
"6056",4003
"6057",4257
"6058",4109
"6059",3786
"6060",4201
"6061",4434
"6062",3687
"6063",4283
"6064",3432
"6065",4263
"6066",4187
"6067",4666
"6068",4682
"6069",4453
"6070",4224
"6071",4608
"6072",4694
"6073",4775
"6074",4246
"6075",4287
"6076",4358
"6077",4871
"6078",4717
"6079",4634
"6080",4217
"6081",4477
"6082",4372
"6083",4073
"6084",4643
"6085",4710
"6086",3861
"6087",3984
"6088",4037
"6089",4372
"6090",4555
"6091",4500
"6092",4527
"6093",4172
"6094",4749
"6095",4362
"6096",4852
"6097",5043
"6098",4916
"6099",4865
"6100",4461
"6101",4765
"6102",3727
"6103",5007
"6104",3730
"6105",5034
"6106",4835
"6107",5025
"6108",4819
"6109",4079
"6110",2443
"6111",3628
"6112",3898
"6113",4286
"6114",4214
"6115",4013
"6116",4103
"6117",4616
"6118",3602
"6119",4015
"6120",3574
"6121",4083
"6122",4011
"6123",3719
"6124",4971
"6125",4407
"6126",4473
"6127",4073
"6128",4651
"6129",4172
"6130",4934
"6131",4931
"6132",4892
"6133",4431
"6134",4197
"6135",4863
"6136",4728
"6137",4100
"6138",4300
"6139",4319
"6140",4562
"6141",4406
"6142",4550
"6143",4078
"6144",4613
"6145",4436
"6146",4389
"6147",4058
"6148",4135
"6149",3284
"6150",4041
"6151",4424
"6152",4500
"6153",4698
"6154",5333
"6155",5300
"6156",4848
"6157",4865
"6158",4903
"6159",4735
"6160",5034
"6161",3810
"6162",5114
"6163",4566
"6164",4490
"6165",2672
"6166",5227
"6167",4050
"6168",5198
"6169",4255
"6170",4129
"6171",4460
"6172",4943
"6173",3761
"6174",3909
"6175",4075
"6176",4399
"6177",4524
"6178",4823
"6179",4938
"6180",4739
"6181",4350
"6182",4855
"6183",4540
"6184",4737
"6185",4191
"6186",4379
"6187",4581
"6188",4453
"6189",4913
"6190",4304
"6191",4207
"6192",4287
"6193",4503
"6194",4268
"6195",4434
"6196",4670
"6197",4580
"6198",4275
"6199",4066
"6200",4044
"6201",4019
"6202",4776
"6203",4476
"6204",4725
"6205",4786
"6206",3748
"6207",3798
"6208",4621
"6209",4556
"6210",4492
"6211",4153
"6212",4945
"6213",4719
"6214",4766
"6215",5346
"6216",5074
"6217",4283
"6218",3717
"6219",4380
"6220",4937
"6221",3466
"6222",4755
"6223",4478
"6224",4251
"6225",4661
"6226",3517
"6227",4763
"6228",4877
"6229",5093
"6230",4840
"6231",4031
"6232",4404
"6233",5193
"6234",5243
"6235",4334
"6236",4984
"6237",4276
"6238",5019
"6239",4493
"6240",4595
"6241",4432
"6242",4517
"6243",5269
"6244",5355
"6245",5446
"6246",4112
"6247",3828
"6248",4112
"6249",4883
"6250",4826
"6251",4794
"6252",4181
"6253",4898
"6254",4917
"6255",4373
"6256",4910
"6257",4300
"6258",4834
"6259",4633
"6260",4966
"6261",4879
"6262",4511
"6263",4759
"6264",4084
"6265",3976
"6266",3960
"6267",4636
"6268",4150
"6269",4199
"6270",4160
"6271",4030
"6272",5404
"6273",4207
"6274",5624
"6275",5599
"6276",5074
"6277",3877
"6278",5077
"6279",4296
"6280",4467
"6281",4066
"6282",5077
"6283",5581
"6284",4807
"6285",5282
"6286",4495
"6287",4137
"6288",4518
"6289",4342
"6290",4212
"6291",5294
"6292",4321
"6293",4419
"6294",4666
"6295",4300
"6296",4385
"6297",4362
"6298",3662
"6299",4815
"6300",4118
"6301",4752
"6302",4735
"6303",3839
"6304",5195
"6305",4773
"6306",4814
"6307",3866
"6308",4814
"6309",4651
"6310",4458
"6311",4845
"6312",4319
"6313",3997
"6314",4260
"6315",3178
"6316",3613
"6317",4211
"6318",3986
"6319",4667
"6320",4484
"6321",4664
"6322",4765
"6323",4347
"6324",4826
"6325",4614
"6326",3980
"6327",4349
"6328",4235
"6329",4455
"6330",4819
"6331",4188
"6332",3937
"6333",4422
"6334",4202
"6335",4090
"6336",4340
"6337",4490
"6338",4856
"6339",4534
"6340",4627
"6341",4945
"6342",4344
"6343",4493
"6344",2778
"6345",4347
"6346",4275
"6347",4598
"6348",4451
"6349",4628
"6350",4444
"6351",4982
"6352",4856
"6353",5045
"6354",4816
"6355",4811
"6356",5089
"6357",4284
"6358",3515
"6359",4663
"6360",4781
"6361",4537
"6362",4806
"6363",4792
"6364",4608
"6365",4251
"6366",4269
"6367",4166
"6368",3311
"6369",3156
"6370",3485
"6371",3851
"6372",4135
"6373",4053
"6374",4077
"6375",5115
"6376",5220
"6377",4505
"6378",5202
"6379",4097
"6380",5091
"6381",4343
"6382",4771
"6383",4125
"6384",5175
"6385",4776
"6386",4036
"6387",3828
"6388",3600
"6389",5129
"6390",3658
"6391",3469
"6392",4016
"6393",4219
"6394",4531
"6395",4572
"6396",4096
"6397",4639
"6398",2027
"6399",4922
"6400",4748
"6401",3886
"6402",3943
"6403",4229
"6404",4571
"6405",4331
"6406",4085
"6407",4153
"6408",4652
"6409",4387
"6410",4829
"6411",3371
"6412",4949
"6413",4977
"6414",4291
"6415",4364
"6416",4305
"6417",4080
"6418",4004
"6419",5120
"6420",4485
"6421",4505
"6422",4793
"6423",4422
"6424",4249
"6425",4707
"6426",4313
"6427",4655
"6428",4611
"6429",4268
"6430",3976
"6431",4865
"6432",4041
"6433",4437
"6434",5085
"6435",4165
"6436",4473
"6437",4575
"6438",4317
"6439",4028
"6440",4205
"6441",4416
"6442",4228
"6443",4644
"6444",4959
"6445",4290
"6446",4197
"6447",3896
"6448",4627
"6449",4582
"6450",4767
"6451",4605
"6452",4061
"6453",4356
"6454",4465
"6455",4791
"6456",4492
"6457",4321
"6458",4530
"6459",4771
"6460",4781
"6461",3346
"6462",4432
"6463",3994
"6464",4746
"6465",3959
"6466",3994
"6467",3899
"6468",3948
"6469",3931
"6470",3894
"6471",4532
"6472",4166
"6473",4927
"6474",4649
"6475",4898
"6476",4410
"6477",4099
"6478",4429
"6479",4775
"6480",4893
"6481",3974
"6482",4466
"6483",4292
"6484",3952
"6485",4103
"6486",3831
"6487",4068
"6488",4744
"6489",4466
"6490",4277
"6491",4670
"6492",4322
"6493",4519
"6494",4755
"6495",3991
"6496",4301
"6497",4452
"6498",4815
"6499",4916
"6500",4882
"6501",4598
"6502",3117
"6503",4188
"6504",4732
"6505",4474
"6506",4814
"6507",4805
"6508",3817
"6509",4824
"6510",4701
"6511",4836
"6512",4817
"6513",4817
"6514",4276
"6515",4245
"6516",3458
"6517",4342
"6518",4340
"6519",4676
"6520",4714
"6521",4249
"6522",4647
"6523",4327
"6524",4513
"6525",5016
"6526",4273
"6527",4180
"6528",4396
"6529",4475
"6530",4891
"6531",4978
"6532",3786
"6533",4160
"6534",4144
"6535",4366
"6536",4283
"6537",4734
"6538",4744
"6539",4795
"6540",4452
"6541",4803
"6542",4335
"6543",4485
"6544",4379
"6545",4934
"6546",4375
"6547",4674
"6548",4364
"6549",4806
"6550",4935
"6551",4709
"6552",5008
"6553",5283
"6554",4250
"6555",4962
"6556",4931
"6557",4767
"6558",4201
"6559",4988
"6560",3997
"6561",4035
"6562",4651
"6563",4828
"6564",5049
"6565",4645
"6566",4623
"6567",4097
"6568",3674
"6569",3184
"6570",4893
"6571",4084
"6572",4960
"6573",4575
"6574",4756
"6575",4667
"6576",4456
"6577",5080
"6578",3972
"6579",4355
"6580",4278
"6581",4472
"6582",4643
"6583",4314
"6584",4867
"6585",3527
"6586",3842
"6587",3614
"6588",4079
"6589",4268
"6590",4323
"6591",4434
"6592",4538
"6593",4448
"6594",5035
"6595",4589
"6596",3931
"6597",4454
"6598",4305
"6599",4520
"6600",5148
"6601",4931
"6602",4465
"6603",4302
"6604",3771
"6605",3847
"6606",4601
"6607",3884
"6608",4791
"6609",4674
"6610",4517
"6611",4243
"6612",4543
"6613",4571
"6614",4042
"6615",4420
"6616",4447
"6617",4097
"6618",4009
"6619",4481
"6620",4529
"6621",4222
"6622",4757
"6623",4550
"6624",3514
"6625",4048
"6626",4240
"6627",4266
"6628",2404
"6629",4542
"6630",4501
"6631",4237
"6632",4113
"6633",4012
"6634",3043
"6635",4410
"6636",2773
"6637",4851
"6638",4632
"6639",4004
"6640",4416
"6641",4518
"6642",3963
"6643",4936
"6644",3888
"6645",4184
"6646",4534
"6647",4181
"6648",4024
"6649",4293
"6650",4592
"6651",4791
"6652",4574
"6653",4857
"6654",4983
"6655",4339
"6656",4230
"6657",4433
"6658",4602
"6659",4329
"6660",4071
"6661",4424
"6662",4599
"6663",4655
"6664",4410
"6665",4188
"6666",4167
"6667",4435
"6668",4593
"6669",4482
"6670",4524
"6671",3829
"6672",3834
"6673",4053
"6674",4688
"6675",3553
"6676",4382
"6677",4715
"6678",4413
"6679",4878
"6680",4784
"6681",4305
"6682",4309
"6683",4221
"6684",4455
"6685",4317
"6686",4722
"6687",4369
"6688",5122
"6689",5033
"6690",5153
"6691",3458
"6692",3750
"6693",4429
"6694",4355
"6695",2824
"6696",4517
"6697",4447
"6698",3963
"6699",4259
"6700",4720
"6701",3957
"6702",4320
"6703",3931
"6704",4276
"6705",4871
"6706",4249
"6707",4388
"6708",4488
"6709",4535
"6710",4447
"6711",4277
"6712",4900
"6713",3978
"6714",3903
"6715",4629
"6716",5199
"6717",4974
"6718",4192
"6719",4181
"6720",3902
"6721",4328
"6722",4689
"6723",4441
"6724",4368
"6725",4573
"6726",4520
"6727",5352
"6728",5160
"6729",4213
"6730",4031
"6731",4225
"6732",3939
"6733",4485
"6734",4507
"6735",4561
"6736",4714
"6737",4652
"6738",4350
"6739",3569
"6740",4623
"6741",4495
"6742",4873
"6743",4668
"6744",4574
"6745",3872
"6746",4620
"6747",4082
"6748",4254
"6749",4590
"6750",4804
"6751",3803
"6752",3524
"6753",4777
"6754",4616
"6755",5055
"6756",4669
"6757",4659
"6758",3846
"6759",3903
"6760",4623
"6761",4630
"6762",4474
"6763",4768
"6764",4577
"6765",3568
"6766",4203
"6767",4034
"6768",4603
"6769",4506
"6770",4936
"6771",4887
"6772",4424
"6773",4311
"6774",4505
"6775",4642
"6776",4602
"6777",4824
"6778",4333
"6779",4743
"6780",4316
"6781",4920
"6782",3663
"6783",4244
"6784",4527
"6785",4055
"6786",4279
"6787",4524
"6788",4905
"6789",4811
"6790",5052
"6791",4669
"6792",4887
"6793",4595
"6794",4517
"6795",4250
"6796",4703
"6797",5241
"6798",4569
"6799",4038
"6800",3804
"6801",4144
"6802",4070
"6803",4537
"6804",4725
"6805",4776
"6806",4661
"6807",4835
"6808",4989
"6809",4738
"6810",4420
"6811",4905
"6812",4892
"6813",4148
"6814",4611
"6815",4373
"6816",5449
"6817",3886
"6818",4141
"6819",4359
"6820",4400
"6821",4565
"6822",4071
"6823",4497
"6824",4567
"6825",4539
"6826",4610
"6827",4667
"6828",4880
"6829",5094
"6830",4924
"6831",4211
"6832",5048
"6833",5010
"6834",3963
"6835",4684
"6836",4855
"6837",4509
"6838",5082
"6839",5048
"6840",4636
"6841",4539
"6842",4593
"6843",5055
"6844",4507
"6845",4669
"6846",4831
"6847",4009
"6848",4514
"6849",4326
"6850",4282
"6851",4677
"6852",4763
"6853",4581
"6854",4853
"6855",4976
"6856",4513
"6857",4777
"6858",3754
"6859",4302
"6860",4458
"6861",4230
"6862",4459
"6863",4588
"6864",4782
"6865",4625
"6866",4506
"6867",4717
"6868",4473
"6869",3347
"6870",3901
"6871",3751
"6872",3358
"6873",3630
"6874",4226
"6875",4281
"6876",4202
"6877",4493
"6878",4264
"6879",4540
"6880",4684
"6881",4645
"6882",4832
"6883",5322
"6884",5304
"6885",4979
"6886",5045
"6887",4884
"6888",4372
"6889",4533
"6890",4573
"6891",4596
"6892",4283
"6893",4707
"6894",4416
"6895",5013
"6896",4454
"6897",4755
"6898",4460
"6899",4960
"6900",5078
"6901",4765
"6902",4031
"6903",4369
"6904",4383
"6905",4580
"6906",4513
"6907",4189
"6908",4785
"6909",4562
"6910",4615
"6911",4446
"6912",4859
"6913",4448
"6914",4469
"6915",4530
"6916",4331
"6917",4456
"6918",4288
"6919",4423
"6920",4418
"6921",4490
"6922",4344
"6923",3940
"6924",4179
"6925",3846
"6926",4351
"6927",3915
"6928",4401
"6929",4882
"6930",5023
"6931",4951
"6932",4574
"6933",4798
"6934",4278
"6935",4865
"6936",4459
"6937",5013
"6938",3920
"6939",4640
"6940",4890
"6941",4694
"6942",4690
"6943",4500
"6944",4183
"6945",4295
"6946",4731
"6947",2077
"6948",3312
"6949",2315
"6950",3172
"6951",4513
"6952",4450
"6953",4547
"6954",4765
"6955",3533
"6956",4254
"6957",4052
"6958",4674
"6959",5124
"6960",5137
"6961",4593
"6962",4794
"6963",4692
"6964",5046
"6965",4452
"6966",4443
"6967",4897
"6968",5143
"6969",4534
"6970",5149
"6971",4955
"6972",3946
"6973",3975
"6974",4576
"6975",4849
"6976",4468
"6977",1502
"6978",4264
"6979",3480
"6980",4149
"6981",4812
"6982",4444
"6983",4716
"6984",4751
"6985",4027
"6986",3856
"6987",2981
"6988",4403
"6989",3810
"6990",4561
"6991",4619
"6992",4780
"6993",4156
"6994",4356
"6995",4660
"6996",4597
"6997",4274
"6998",4683
"6999",5156
"7000",4516
"7001",4483
"7002",4653
"7003",4519
"7004",4178
"7005",4177
"7006",4394
"7007",3685
"7008",4169
"7009",3699
"7010",4432
"7011",3942
"7012",4674
"7013",4250
"7014",4381
"7015",4825
"7016",4114
"7017",3967
"7018",2489
"7019",2610
"7020",3521
"7021",4105
"7022",3976
"7023",4564
"7024",4420
"7025",4748
"7026",4977
"7027",5276
"7028",4564
"7029",4346
"7030",4526
"7031",4517
"7032",4808
"7033",4202
"7034",4388
"7035",3784
"7036",4061
"7037",5008
"7038",5061
"7039",4779
"7040",4283
"7041",4633
"7042",4652
"7043",5191
"7044",5276
"7045",5007
"7046",4412
"7047",4646
"7048",4970
"7049",4822
"7050",4139
"7051",4046
"7052",3253
"7053",4240
"7054",3812
"7055",4494
"7056",4148
"7057",4461
"7058",4113
"7059",4855
"7060",4960
"7061",4905
"7062",5119
"7063",5099
"7064",4521
"7065",5097
"7066",4462
"7067",4390
"7068",4265
"7069",3900
"7070",3657
"7071",4576
"7072",3903
"7073",4650
"7074",4201
"7075",4726
"7076",4766
"7077",4951
"7078",4421
"7079",4429
"7080",3486
"7081",3880
"7082",4157
"7083",4015
"7084",4752
"7085",3561
"7086",4121
"7087",5011
"7088",5050
"7089",4372
"7090",4907
"7091",4775
"7092",4596
"7093",5017
"7094",5008
"7095",4741
"7096",4762
"7097",5112
"7098",4793
"7099",4561
"7100",4105
"7101",4348
"7102",4544
"7103",4449
"7104",5177
"7105",5040
"7106",5109
"7107",4922
"7108",4820
"7109",3921
"7110",3875
"7111",3587
"7112",5298
"7113",5167
"7114",4946
"7115",4820
"7116",5104
"7117",5266
"7118",4517
"7119",4347
"7120",5038
"7121",3655
"7122",4616
"7123",4930
"7124",4604
"7125",4511
"7126",4743
"7127",4866
"7128",4979
"7129",4511
"7130",5024
"7131",3342
"7132",4377
"7133",3937
"7134",5194
"7135",5415
"7136",5256
"7137",5064
"7138",4563
"7139",4458
"7140",4960
"7141",4146
"7142",4980
"7143",4375
"7144",4831
"7145",4946
"7146",4771
"7147",5029
"7148",4991
"7149",5042
"7150",4250
"7151",4529
"7152",4602
"7153",4950
"7154",4981
"7155",5009
"7156",4591
"7157",4532
"7158",4521
"7159",4954
"7160",4697
"7161",4726
"7162",4378
"7163",4499
"7164",4290
"7165",4473
"7166",5082
"7167",5010
"7168",4873
"7169",4136
"7170",4654
"7171",3815
"7172",3876
"7173",4260
"7174",4776
"7175",4862
"7176",4967
"7177",4904
"7178",4421
"7179",3518
"7180",3873
"7181",3475
"7182",3560
"7183",3851
"7184",4539
"7185",4773
"7186",4710
"7187",4858
"7188",3074
"7189",3348
"7190",3901
"7191",4093
"7192",4597
"7193",4770
"7194",4551
"7195",4368
"7196",3952
"7197",3874
"7198",4039
"7199",4019
"7200",4362
"7201",4018
"7202",4376
"7203",4428
"7204",3943
"7205",4103
"7206",3606
"7207",4113
"7208",4586
"7209",4370
"7210",4351
"7211",5004
"7212",4515
"7213",3542
"7214",4290
"7215",4407
"7216",4827
"7217",4511
"7218",4140
"7219",4606
"7220",4585
"7221",4529
"7222",4583
"7223",4813
"7224",4563
"7225",4375
"7226",4137
"7227",4342
"7228",4091
"7229",3701
"7230",3814
"7231",4050
"7232",5101
"7233",3637
"7234",3964
"7235",4845
"7236",4040
"7237",4231
"7238",4101
"7239",4595
"7240",4459
"7241",4306
"7242",4600
"7243",4212
"7244",4882
"7245",5046
"7246",5080
"7247",4481
"7248",3661
"7249",3925
"7250",4661
"7251",3903
"7252",3820
"7253",3984
"7254",4660
"7255",4789
"7256",4340
"7257",2791
"7258",4277
"7259",3837
"7260",4310
"7261",4225
"7262",4776
"7263",4007
"7264",4522
"7265",4543
"7266",3304
"7267",4177
"7268",3989
"7269",4556
"7270",4283
"7271",4771
"7272",4315
"7273",3740
"7274",3894
"7275",4736
"7276",4154
"7277",3813
"7278",4823
"7279",4564
"7280",4386
"7281",4558
"7282",3831
"7283",3877
"7284",3595
"7285",3228
"7286",2809
"7287",3690
"7288",3359
"7289",3343
"7290",3625
"7291",3443
"7292",3180
"7293",2558
"7294",3094
"7295",2632
"7296",2757
"7297",3067
"7298",3288
"7299",2993
"7300",3464
"7301",3871
"7302",4165
"7303",3360
"7304",3555
"7305",4014
"7306",3964
"7307",3734
"7308",2601
"7309",3995
"7310",3381
"7311",3580
"7312",4100
"7313",3198
"7314",3152
"7315",3958
"7316",3708
"7317",3600
"7318",3606
"7319",3650
"7320",3778
"7321",3857
"7322",3926
"7323",3905
"7324",3831
"7325",4052
"7326",3889
"7327",3233
"7328",3430
"7329",4073
"7330",3977
"7331",3890
"7332",3899
"7333",3967
"7334",3885
"7335",3730
"7336",3785
"7337",3496
"7338",3855
"7339",4326
"7340",3521
"7341",4384
"7342",3938
"7343",4350
"7344",3859
"7345",4357
"7346",3741
"7347",3445
"7348",3733
"7349",3584
"7350",4178
"7351",4162
"7352",3878
"7353",3761
"7354",3764
"7355",3625
"7356",4144
"7357",3964
"7358",3854
"7359",3666
"7360",3787
"7361",3738
"7362",4063
"7363",4359
"7364",3996
"7365",3890
"7366",3885
"7367",4205
"7368",3540
"7369",3592
"7370",3912
"7371",3894
"7372",4380
"7373",4198
"7374",4109
"7375",3915
"7376",4010
"7377",4053
"7378",4288
"7379",4132
"7380",3898
"7381",4170
"7382",3863
"7383",4303
"7384",4286
"7385",4197
"7386",3969
"7387",3953
"7388",3945
"7389",4017
"7390",3946
"7391",3969
"7392",3727
"7393",5435
"7394",4025
"7395",4087
"7396",3887
"7397",4212
"7398",3806
"7399",4113
"7400",4375
"7401",4507
"7402",3339
"7403",2661
"7404",3877
"7405",4574
"7406",3117
"7407",4200
"7408",3468
"7409",3998
"7410",3695
"7411",4150
"7412",4027
"7413",3493
"7414",3797
"7415",4788
"7416",4165
"7417",3935
"7418",4025
"7419",4001
"7420",3350
"7421",3446
"7422",3719
"7423",3726
"7424",4402
"7425",3804
"7426",3425
"7427",3491
"7428",4343
"7429",3469
"7430",2948
"7431",4883
"7432",4791
"7433",3025
"7434",3792
"7435",4482
"7436",4433
"7437",4128
"7438",4069
"7439",3631
"7440",3880
"7441",3941
"7442",3778
"7443",4470
"7444",4260
"7445",3997
"7446",4167
"7447",4285
"7448",3206
"7449",4508
"7450",5394
"7451",3652
"7452",3992
"7453",3472
"7454",4283
"7455",3991
"7456",4192
"7457",3484
"7458",4142
"7459",3626
"7460",3860
"7461",4201
"7462",3134
"7463",4563
"7464",3937
"7465",4285
"7466",4227
"7467",4386
"7468",3727
"7469",3824
"7470",3634
"7471",2617
"7472",3588
"7473",4173
"7474",3665
"7475",3468
"7476",4646
"7477",3261
"7478",4563
"7479",3517
"7480",4461
"7481",4087
"7482",4280
"7483",4120
"7484",2859
"7485",3648
"7486",4219
"7487",5400
"7488",4914
"7489",4143
"7490",4413
"7491",4125
"7492",3326
"7493",3872
"7494",4256
"7495",3194
"7496",3076
"7497",3787
"7498",4586
"7499",4045
"7500",3699
"7501",2413
"7502",4140
"7503",2563
"7504",3518
"7505",4163
"7506",3506
"7507",3540
"7508",3894
"7509",4177
"7510",3430
"7511",4040
"7512",3690
"7513",3105
"7514",3732
"7515",4116
"7516",3690
"7517",3552
"7518",4431
"7519",2856
"7520",3731
"7521",3329
"7522",3641
"7523",4141
"7524",3213
"7525",4269
"7526",3970
"7527",3055
"7528",3668
"7529",3797
"7530",3216
"7531",4236
"7532",4076
"7533",3953
"7534",3857
"7535",3194
"7536",3683
"7537",3575
"7538",3848
"7539",3879
"7540",3802
"7541",3909
"7542",3753
"7543",4166
"7544",3352
"7545",3512
"7546",4159
"7547",3829
"7548",3685
"7549",4043
"7550",3827
"7551",3371
"7552",3484
"7553",4332
"7554",3506
"7555",4569
"7556",3737
"7557",2937
"7558",4232
"7559",3539
"7560",3227
"7561",3342
"7562",4034
"7563",3731
"7564",3887
"7565",3269
"7566",3238
"7567",3419
"7568",3662
"7569",4261
"7570",3727
"7571",3542
"7572",4204
"7573",3388
"7574",3429
"7575",3274
"7576",3003
"7577",3571
"7578",3688
"7579",3705
"7580",3795
"7581",2971
"7582",3378
"7583",4169
"7584",3275
"7585",3461
"7586",3874
"7587",3950
"7588",3571
"7589",3788
"7590",2520
"7591",4089
"7592",4226
"7593",3579
"7594",4321
"7595",3460
"7596",4485
"7597",4209
"7598",3552
"7599",3201
"7600",3867
"7601",3911
"7602",3651
"7603",3715
"7604",4043
"7605",4022
"7606",3578
"7607",3785
"7608",4216
"7609",4512
"7610",4242
"7611",3728
"7612",3881
"7613",4415
"7614",3785
"7615",3590
"7616",3621
"7617",4293
"7618",3643
"7619",3810
"7620",4185
"7621",4627
"7622",4106
"7623",4065
"7624",3582
"7625",3913
"7626",3985
"7627",3979
"7628",4750
"7629",3725
"7630",4317
"7631",3657
"7632",4198
"7633",4185
"7634",3844
"7635",3766
"7636",4193
"7637",4429
"7638",3649
"7639",3338
"7640",3891
"7641",3522
"7642",3544
"7643",4418
"7644",3761
"7645",3905
"7646",3939
"7647",3934
"7648",4318
"7649",4046
"7650",4311
"7651",4050
"7652",4226
"7653",4258
"7654",4029
"7655",3513
"7656",4160
"7657",4172
"7658",4220
"7659",4566
"7660",4201
"7661",4448
"7662",3827
"7663",4167
"7664",3756
"7665",3932
"7666",4073
"7667",4023
"7668",4173
"7669",3426
"7670",3990
"7671",4144
"7672",3838
"7673",3932
"7674",4124
"7675",3657
"7676",4233
"7677",4201
"7678",4884
"7679",3832
"7680",4602
"7681",3756
"7682",3914
"7683",4109
"7684",4820
"7685",4163
"7686",4103
"7687",4473
"7688",4664
"7689",4379
"7690",4299
"7691",4376
"7692",4567
"7693",4286
"7694",4243
"7695",4166
"7696",4115
"7697",4142
"7698",4865
"7699",4434
"7700",4240
"7701",4280
"7702",4174
"7703",4873
"7704",4901
"7705",3953
"7706",4366
"7707",3926
"7708",4331
"7709",4382
"7710",4288
"7711",4413
"7712",4405
"7713",4249
"7714",4796
"7715",4404
"7716",3915
"7717",3914
"7718",4288
"7719",3828
"7720",4355
"7721",3844
"7722",4703
"7723",4106
"7724",3762
"7725",4728
"7726",4180
"7727",4628
"7728",4162
"7729",3998
"7730",3118
"7731",4529
"7732",4112
"7733",3895
"7734",3670
"7735",4078
"7736",3731
"7737",2873
"7738",4077
"7739",4431
"7740",3958
"7741",3783
"7742",3443
"7743",3597
"7744",3726
"7745",4723
"7746",3215
"7747",3496
"7748",3425
"7749",3797
"7750",4204
"7751",4406
"7752",5123
"7753",4815
"7754",3674
"7755",3760
"7756",3750
"7757",4053
"7758",3247
"7759",4878
"7760",4011
"7761",4311
"7762",3272
"7763",4322
"7764",4489
"7765",3354
"7766",3527
"7767",3081
"7768",3728
"7769",3688
"7770",3517
"7771",3667
"7772",3759
"7773",4702
"7774",4264
"7775",4200
"7776",3227
"7777",3340
"7778",3972
"7779",3852
"7780",3636
"7781",4192
"7782",4584
"7783",4384
"7784",3948
"7785",4373
"7786",4584
"7787",4519
"7788",4323
"7789",4650
"7790",4208
"7791",3810
"7792",3613
"7793",4582
"7794",4734
"7795",4165
"7796",4095
"7797",3315
"7798",4591
"7799",4325
"7800",3856
"7801",4039
"7802",3796
"7803",3770
"7804",4023
"7805",3966
"7806",4029
"7807",4141
"7808",4148
"7809",3539
"7810",4071
"7811",4389
"7812",4020
"7813",4004
"7814",4000
"7815",4038
"7816",3931
"7817",4335
"7818",3925
"7819",3361
"7820",3604
"7821",3668
"7822",3958
"7823",4450
"7824",4120
"7825",4523
"7826",4240
"7827",4449
"7828",4102
"7829",4202
"7830",3837
"7831",3985
"7832",3809
"7833",4237
"7834",4233
"7835",3969
"7836",3963
"7837",4243
"7838",2801
"7839",4039
"7840",3821
"7841",3863
"7842",4375
"7843",4256
"7844",4206
"7845",4117
"7846",4033
"7847",4062
"7848",4385
"7849",4009
"7850",4408
"7851",4642
"7852",4780
"7853",4548
"7854",4813
"7855",4818
"7856",3731
"7857",4506
"7858",4568
"7859",4428
"7860",4708
"7861",4861
"7862",3902
"7863",4257
"7864",4784
"7865",4563
"7866",4861
"7867",3896
"7868",4387
"7869",4371
"7870",4375
"7871",5249
"7872",4300
"7873",4284
"7874",4842
"7875",4792
"7876",4196
"7877",3386
"7878",4594
"7879",4458
"7880",5027
"7881",4591
"7882",4094
"7883",4578
"7884",4481
"7885",4643
"7886",4166
"7887",4451
"7888",4322
"7889",4026
"7890",4514
"7891",3974
"7892",4637
"7893",3875
"7894",4724
"7895",4555
"7896",3987
"7897",4191
"7898",4189
"7899",4419
"7900",3975
"7901",4009
"7902",4139
"7903",4317
"7904",4665
"7905",3914
"7906",4088
"7907",4521
"7908",3794
"7909",3974
"7910",4215
"7911",4663
"7912",3966
"7913",3868
"7914",4999
"7915",4013
"7916",4221
"7917",4171
"7918",4376
"7919",4618
"7920",4761
"7921",4695
"7922",4215
"7923",4121
"7924",3738
"7925",5160
"7926",4880
"7927",4261
"7928",3757
"7929",4701
"7930",4201
"7931",3565
"7932",4700
"7933",4700
"7934",4112
"7935",4252
"7936",4458
"7937",4641
"7938",4165
"7939",4164
"7940",4241
"7941",4504
"7942",4848
"7943",4248
"7944",3899
"7945",4185
"7946",2866
"7947",4229
"7948",4743
"7949",4743
"7950",3908
"7951",4815
"7952",4651
"7953",4333
"7954",4366
"7955",4786
"7956",4786
"7957",5017
"7958",4314
"7959",4791
"7960",4786
"7961",4549
"7962",4205
"7963",4461
"7964",5144
"7965",5581
"7966",4719
"7967",4532
"7968",4641
"7969",5174
"7970",4019
"7971",4416
"7972",4717
"7973",3657
"7974",4479
"7975",4186
"7976",5279
"7977",5340
"7978",4854
"7979",4219
"7980",4976
"7981",3965
"7982",5522
"7983",5234
"7984",5315
"7985",3997
"7986",4568
"7987",4562
"7988",4787
"7989",5413
"7990",3785
"7991",4178
"7992",4611
"7993",4952
"7994",5072
"7995",4328
"7996",4956
"7997",4938
"7998",4544
"7999",4201
"8000",4479
"8001",4589
"8002",4212
"8003",4545
"8004",4542
"8005",4892
"8006",3278
"8007",5077
"8008",4821
"8009",4530
"8010",4251
"8011",3563
"8012",4364
"8013",4106
"8014",5085
"8015",3967
"8016",4928
"8017",4531
"8018",4832
"8019",4225
"8020",3102
"8021",3347
"8022",4101
"8023",4045
"8024",3562
"8025",3417
"8026",4050
"8027",3404
"8028",2963
"8029",3201
"8030",4040
"8031",4441
"8032",2033
"8033",3132
"8034",3077
"8035",4117
"8036",4264
"8037",4030
"8038",3840
"8039",4468
"8040",3617
"8041",3022
"8042",4129
"8043",3760
"8044",3960
"8045",4039
"8046",3975
"8047",4656
"8048",3004
"8049",3508
"8050",3751
"8051",3628
"8052",3941
"8053",3641
"8054",4841
"8055",4380
"8056",2622
"8057",4695
"8058",3209
"8059",4049
"8060",4601
"8061",4119
"8062",4143
"8063",3214
"8064",4032
"8065",3747
"8066",3598
"8067",2618
"8068",3577
"8069",3731
"8070",3523
"8071",4365
"8072",3808
"8073",3838
"8074",4002
"8075",3578
"8076",3605
"8077",4280
"8078",3779
"8079",4206
"8080",3753
"8081",3865
"8082",4868
"8083",3970
"8084",4088
"8085",3563
"8086",4543
"8087",4488
