"","NDVI"
"1",7709
"2",7669
"3",8072
"4",7386
"5",7500
"6",8174
"7",6886
"8",7524
"9",7243
"10",7351
"11",7451
"12",7408
"13",6013
"14",8118
"15",7340
"16",6818
"17",5978
"18",6887
"19",6793
"20",6614
"21",7901
"22",7799
"23",7949
"24",8081
"25",8013
"26",7796
"27",7429
"28",7136
"29",6193
"30",7249
"31",6910
"32",6441
"33",7267
"34",6184
"35",6646
"36",7765
"37",7405
"38",8158
"39",7770
"40",8108
"41",8022
"42",7972
"43",7247
"44",7193
"45",7742
"46",6667
"47",6895
"48",7430
"49",8252
"50",7941
"51",7388
"52",5953
"53",5640
"54",6792
"55",7426
"56",6859
"57",8065
"58",7341
"59",7128
"60",5847
"61",7280
"62",7163
"63",7699
"64",7323
"65",6973
"66",6980
"67",6893
"68",6253
"69",7395
"70",7409
"71",7402
"72",6759
"73",7512
"74",6984
"75",6533
"76",7395
"77",7554
"78",6466
"79",7524
"80",7547
"81",7643
"82",6206
"83",6765
"84",6280
"85",7405
"86",7986
"87",7743
"88",7828
"89",7549
"90",6884
"91",6360
"92",5768
"93",7090
"94",7634
"95",7394
"96",6602
"97",6343
"98",8173
"99",7945
"100",7916
"101",7500
"102",7478
"103",5780
"104",6172
"105",6778
"106",7282
"107",5774
"108",5848
"109",8126
"110",7856
"111",7186
"112",7296
"113",6940
"114",7495
"115",5172
"116",6892
"117",6788
"118",6244
"119",7040
"120",7978
"121",7614
"122",6776
"123",7062
"124",7519
"125",7991
"126",6366
"127",6956
"128",6346
"129",7548
"130",7993
"131",7095
"132",7269
"133",7669
"134",7432
"135",6701
"136",6748
"137",7420
"138",6383
"139",5649
"140",5587
"141",7801
"142",7474
"143",7643
"144",6374
"145",6004
"146",7657
"147",7753
"148",7417
"149",7108
"150",6783
"151",6711
"152",6114
"153",6565
"154",7354
"155",6821
"156",8238
"157",7156
"158",7213
"159",7368
"160",6900
"161",6521
"162",6399
"163",6095
"164",5940
"165",5760
"166",5309
"167",4503
"168",8321
"169",7767
"170",7828
"171",7441
"172",6772
"173",5991
"174",6260
"175",4817
"176",5650
"177",6913
"178",7779
"179",7699
"180",7697
"181",7137
"182",7456
"183",7132
"184",5442
"185",7423
"186",5942
"187",5700
"188",7039
"189",7177
"190",8244
"191",6587
"192",7675
"193",7555
"194",6687
"195",7113
"196",6753
"197",6674
"198",5865
"199",6064
"200",4823
"201",5194
"202",4485
"203",6657
"204",8169
"205",8069
"206",7899
"207",6505
"208",7006
"209",6605
"210",5471
"211",5665
"212",7052
"213",5923
"214",3314
"215",6630
"216",6510
"217",7571
"218",7430
"219",8175
"220",7812
"221",7708
"222",6884
"223",6986
"224",6795
"225",6658
"226",6997
"227",5070
"228",7159
"229",6527
"230",7038
"231",7421
"232",7211
"233",7749
"234",7515
"235",6983
"236",7790
"237",7373
"238",6702
"239",6951
"240",6371
"241",6662
"242",6944
"243",5458
"244",6649
"245",7581
"246",6853
"247",7396
"248",7683
"249",6997
"250",6332
"251",6631
"252",6617
"253",5211
"254",6880
"255",7505
"256",6975
"257",6557
"258",6388
"259",7297
"260",7604
"261",5958
"262",6630
"263",6655
"264",4823
"265",5008
"266",6332
"267",7813
"268",8328
"269",8311
"270",7123
"271",6119
"272",6651
"273",6226
"274",6650
"275",6586
"276",6456
"277",6228
"278",6194
"279",7419
"280",8038
"281",7480
"282",7161
"283",7087
"284",6061
"285",5891
"286",6274
"287",5707
"288",6347
"289",6334
"290",5148
"291",6548
"292",7232
"293",7754
"294",7539
"295",7543
"296",7885
"297",7270
"298",7881
"299",6051
"300",6398
"301",5821
"302",5778
"303",6999
"304",6557
"305",5842
"306",6952
"307",6330
"308",7970
"309",7231
"310",8232
"311",7123
"312",6879
"313",5344
"314",5923
"315",6299
"316",6007
"317",6576
"318",6402
"319",6729
"320",6720
"321",5778
"322",7098
"323",6667
"324",6458
"325",6849
"326",7568
"327",7779
"328",7247
"329",5608
"330",7419
"331",6793
"332",5837
"333",5962
"334",4897
"335",6913
"336",6940
"337",6670
"338",6891
"339",8295
"340",7734
"341",7505
"342",5674
"343",7510
"344",6006
"345",5461
"346",5735
"347",7194
"348",7713
"349",7610
"350",7844
"351",7741
"352",7596
"353",7564
"354",6320
"355",6619
"356",5954
"357",7741
"358",6766
"359",7940
"360",8079
"361",7995
"362",7909
"363",7411
"364",7072
"365",7843
"366",7755
"367",7514
"368",7484
"369",5218
"370",5747
"371",5458
"372",7655
"373",7319
"374",7115
"375",6811
"376",6690
"377",7232
"378",7405
"379",7366
"380",7885
"381",6867
"382",7119
"383",6576
"384",7547
"385",7885
"386",7662
"387",7313
"388",6867
"389",6855
"390",7117
"391",5948
"392",6806
"393",7641
"394",7928
"395",7599
"396",6715
"397",7427
"398",7712
"399",7403
"400",6710
"401",7820
"402",7739
"403",7728
"404",6159
"405",5768
"406",6553
"407",7667
"408",6859
"409",7514
"410",7392
"411",6983
"412",6836
"413",7700
"414",7688
"415",7615
"416",6139
"417",6772
"418",7473
"419",7473
"420",7083
"421",3539
"422",7613
"423",7160
"424",7458
"425",6840
"426",6410
"427",7519
"428",7749
"429",6998
"430",7170
"431",6780
"432",8140
"433",7286
"434",7234
"435",7868
"436",7181
"437",7637
"438",7415
"439",6074
"440",6443
"441",7622
"442",7611
"443",7372
"444",7170
"445",7723
"446",6896
"447",6417
"448",6683
"449",7575
"450",7409
"451",7251
"452",5969
"453",6308
"454",7360
"455",8388
"456",8150
"457",7952
"458",7846
"459",6517
"460",6826
"461",5876
"462",6720
"463",7022
"464",7604
"465",6945
"466",7121
"467",6637
"468",7352
"469",7454
"470",7470
"471",7843
"472",7237
"473",6845
"474",6067
"475",5357
"476",6229
"477",6546
"478",6852
"479",7588
"480",6524
"481",8277
"482",8126
"483",8093
"484",7018
"485",6480
"486",6551
"487",5291
"488",5073
"489",4977
"490",5772
"491",8279
"492",8086
"493",7792
"494",7843
"495",7285
"496",7483
"497",7656
"498",7009
"499",6760
"500",7963
"501",7309
"502",7792
"503",7917
"504",7325
"505",7091
"506",7835
"507",5739
"508",6585
"509",7922
"510",8112
"511",7433
"512",7926
"513",8002
"514",7840
"515",6513
"516",7594
"517",8141
"518",7283
"519",8195
"520",7867
"521",8626
"522",8540
"523",8030
"524",6091
"525",8440
"526",8123
"527",7922
"528",8127
"529",7260
"530",7739
"531",7534
"532",7551
"533",7452
"534",8505
"535",8120
"536",7369
"537",6912
"538",6457
"539",6948
"540",7852
"541",8595
"542",6990
"543",6935
"544",7410
"545",8215
"546",6845
"547",7191
"548",7225
"549",6798
"550",8759
"551",8107
"552",8004
"553",8311
"554",6396
"555",8682
"556",8692
"557",8478
"558",7793
"559",7239
"560",6851
"561",5877
"562",7725
"563",7300
"564",8819
"565",7909
"566",8037
"567",7877
"568",7056
"569",6935
"570",8475
"571",8683
"572",8264
"573",7254
"574",8161
"575",8322
"576",7916
"577",8286
"578",8353
"579",8108
"580",7707
"581",6312
"582",6173
"583",7770
"584",7507
"585",8454
"586",8356
"587",8359
"588",8395
"589",8187
"590",8101
"591",7768
"592",7208
"593",7527
"594",6864
"595",8410
"596",8438
"597",8380
"598",8300
"599",8466
"600",6860
"601",8413
"602",7985
"603",7255
"604",8450
"605",8458
"606",8645
"607",8494
"608",8473
"609",7500
"610",7412
"611",8199
"612",8457
"613",8705
"614",8703
"615",8567
"616",8340
"617",7749
"618",6982
"619",8404
"620",8566
"621",8700
"622",8191
"623",7773
"624",7210
"625",8340
"626",8586
"627",8508
"628",8708
"629",8640
"630",8314
"631",7579
"632",6865
"633",8633
"634",8577
"635",8648
"636",8289
"637",5117
"638",8224
"639",7929
"640",6616
"641",7731
"642",8326
"643",8497
"644",8681
"645",8226
"646",7576
"647",8324
"648",8449
"649",8518
"650",8328
"651",7978
"652",7571
"653",8436
"654",8133
"655",8180
"656",8244
"657",8416
"658",8196
"659",8146
"660",7983
"661",7140
"662",8341
"663",8245
"664",8504
"665",8501
"666",8563
"667",8458
"668",8152
"669",8624
"670",8291
"671",8340
"672",8129
"673",8548
"674",8465
"675",7319
"676",6864
"677",8045
"678",8176
"679",7982
"680",8190
"681",7568
"682",7886
"683",8226
"684",8285
"685",8259
"686",7412
"687",8130
"688",8234
"689",8177
"690",8349
"691",7158
"692",8101
"693",8412
"694",8367
"695",7634
"696",8230
"697",7955
"698",7265
"699",7302
"700",7895
"701",8398
"702",7828
"703",7253
"704",8106
"705",8580
"706",8204
"707",8214
"708",8119
"709",7469
"710",8062
"711",7723
"712",8246
"713",8133
"714",8458
"715",7649
"716",7319
"717",7933
"718",7868
"719",7227
"720",8341
"721",8180
"722",8114
"723",7548
"724",8641
"725",7525
"726",7722
"727",7907
"728",7331
"729",6562
"730",7862
"731",8027
"732",8119
"733",6612
"734",7867
"735",8110
"736",7345
"737",7535
"738",6527
"739",7641
"740",7902
"741",8016
"742",8026
"743",8728
"744",6893
"745",7269
"746",8132
"747",8480
"748",8488
"749",7565
"750",7352
"751",7716
"752",8376
"753",8635
"754",7907
"755",8158
"756",8501
"757",8625
"758",8599
"759",8194
"760",8199
"761",7279
"762",7230
"763",7988
"764",7215
"765",8562
"766",8356
"767",8123
"768",8225
"769",8117
"770",7777
"771",8506
"772",8065
"773",7898
"774",7080
"775",7057
"776",6748
"777",8500
"778",8330
"779",8512
"780",8473
"781",7736
"782",8107
"783",8531
"784",7332
"785",8644
"786",8336
"787",8428
"788",8608
"789",8264
"790",8561
"791",7997
"792",8350
"793",7529
"794",8506
"795",8519
"796",8522
"797",8332
"798",8340
"799",8539
"800",8597
"801",8228
"802",8225
"803",8823
"804",8495
"805",8592
"806",8445
"807",8352
"808",8258
"809",8110
"810",8501
"811",7274
"812",8069
"813",8465
"814",8575
"815",8426
"816",8472
"817",8174
"818",8586
"819",8668
"820",8760
"821",6926
"822",7031
"823",8660
"824",8454
"825",8454
"826",8061
"827",8353
"828",8724
"829",8151
"830",8113
"831",7921
"832",8502
"833",8066
"834",7869
"835",8704
"836",8784
"837",8761
"838",8426
"839",8417
"840",8007
"841",7171
"842",8742
"843",8779
"844",8084
"845",7958
"846",7530
"847",7941
"848",8018
"849",7930
"850",8750
"851",8560
"852",8556
"853",8629
"854",8103
"855",7817
"856",7666
"857",8566
"858",8569
"859",8548
"860",8250
"861",8239
"862",6455
"863",8389
"864",8540
"865",8741
"866",8712
"867",8526
"868",8502
"869",7983
"870",8356
"871",8343
"872",8815
"873",8787
"874",8675
"875",8486
"876",7917
"877",8403
"878",8206
"879",8631
"880",8169
"881",8312
"882",8534
"883",8354
"884",8837
"885",8622
"886",8745
"887",8642
"888",8672
"889",8591
"890",8689
"891",8110
"892",8086
"893",7444
"894",6657
"895",8636
"896",8856
"897",8076
"898",8853
"899",8686
"900",7950
"901",7593
"902",7719
"903",7946
"904",8450
"905",8718
"906",8749
"907",8686
"908",8695
"909",8731
"910",7983
"911",7911
"912",7472
"913",7710
"914",8983
"915",8757
"916",7887
"917",8827
"918",8890
"919",8649
"920",7877
"921",7977
"922",7330
"923",8844
"924",8540
"925",8104
"926",8758
"927",8820
"928",8679
"929",8770
"930",8155
"931",7774
"932",8589
"933",7300
"934",8488
"935",7673
"936",8042
"937",7975
"938",8142
"939",8001
"940",7718
"941",7672
"942",8818
"943",8024
"944",7720
"945",6523
"946",8620
"947",8043
"948",7463
"949",7768
"950",8927
"951",8628
"952",6818
"953",8814
"954",8627
"955",8386
"956",8588
"957",9059
"958",8729
"959",7977
"960",6470
"961",8788
"962",8752
"963",8627
"964",8723
"965",8594
"966",8800
"967",8885
"968",8798
"969",7971
"970",6242
"971",8415
"972",8678
"973",8790
"974",8708
"975",8378
"976",8709
"977",8682
"978",8790
"979",8315
"980",8361
"981",7877
"982",8254
"983",7947
"984",8103
"985",8204
"986",8324
"987",8751
"988",8275
"989",8028
"990",7681
"991",8045
"992",7742
"993",7425
"994",6104
"995",7962
"996",8279
"997",8388
"998",8422
"999",8343
"1000",8527
"1001",8299
"1002",8372
"1003",7946
"1004",8049
"1005",NA
"1006",8283
"1007",8357
"1008",8156
"1009",8257
"1010",7815
"1011",7334
"1012",7375
"1013",8316
"1014",7926
"1015",7628
"1016",7402
"1017",8193
"1018",6795
"1019",7575
"1020",NA
"1021",8232
"1022",8208
"1023",8012
"1024",7958
"1025",7869
"1026",8309
"1027",8039
"1028",7830
"1029",7673
"1030",7275
"1031",8229
"1032",7718
"1033",8266
"1034",8255
"1035",7828
"1036",7671
"1037",7804
"1038",7582
"1039",7755
"1040",8212
"1041",7669
"1042",7589
"1043",7330
"1044",7609
"1045",7307
"1046",NA
"1047",7603
"1048",8009
"1049",7400
"1050",7831
"1051",8255
"1052",8148
"1053",8123
"1054",7857
"1055",7310
"1056",8052
"1057",7758
"1058",7698
"1059",7801
"1060",7551
"1061",7778
"1062",8365
"1063",8292
"1064",8056
"1065",7627
"1066",7244
"1067",7386
"1068",7901
"1069",7629
"1070",8026
"1071",7897
"1072",7191
"1073",7414
"1074",7627
"1075",7503
"1076",7240
"1077",7713
"1078",8456
"1079",7600
"1080",7780
"1081",6841
"1082",7978
"1083",7876
"1084",7306
"1085",8105
"1086",7282
"1087",6400
"1088",6514
"1089",6386
"1090",7836
"1091",7084
"1092",7558
"1093",7771
"1094",7938
"1095",7554
"1096",6280
"1097",6720
"1098",7725
"1099",7783
"1100",5892
"1101",7354
"1102",7765
"1103",7221
"1104",6641
"1105",5700
"1106",7578
"1107",7009
"1108",6980
"1109",6143
"1110",6379
"1111",8012
"1112",6886
"1113",6237
"1114",7739
"1115",7800
"1116",7277
"1117",6630
"1118",6901
"1119",7707
"1120",6850
"1121",7340
"1122",6331
"1123",7332
"1124",7673
"1125",7386
"1126",6118
"1127",6724
"1128",8052
"1129",6582
"1130",7296
"1131",7915
"1132",6696
"1133",6725
"1134",8213
"1135",6789
"1136",8056
"1137",8022
"1138",8123
"1139",7941
"1140",8169
"1141",7384
"1142",7953
"1143",7725
"1144",7396
"1145",7456
"1146",7437
"1147",8022
"1148",7864
"1149",8228
"1150",7852
"1151",8246
"1152",7907
"1153",8250
"1154",7877
"1155",7573
"1156",7975
"1157",7997
"1158",7711
"1159",7598
"1160",7215
"1161",7568
"1162",7518
"1163",7995
"1164",7847
"1165",7901
"1166",8046
"1167",7956
"1168",7839
"1169",7337
"1170",8442
"1171",7740
"1172",7045
"1173",7634
"1174",7969
"1175",6940
"1176",7680
"1177",7947
"1178",8078
"1179",8032
"1180",8005
"1181",7015
"1182",8152
"1183",8194
"1184",6240
"1185",8217
"1186",7997
"1187",7318
"1188",8007
"1189",7765
"1190",7198
"1191",7635
"1192",7398
"1193",7935
"1194",7245
"1195",8060
"1196",7876
"1197",7958
"1198",7139
"1199",8082
"1200",8063
"1201",5981
"1202",6891
"1203",7909
"1204",8192
"1205",6837
"1206",7052
"1207",6807
"1208",7024
"1209",6535
"1210",7047
"1211",7979
"1212",7308
"1213",6875
"1214",7188
"1215",6843
"1216",7041
"1217",6379
"1218",7656
"1219",7472
"1220",7887
"1221",7496
"1222",7610
"1223",7863
"1224",7567
"1225",7136
"1226",8128
"1227",7128
"1228",6500
"1229",6741
"1230",8010
"1231",6766
"1232",7610
"1233",6945
"1234",7218
"1235",8056
"1236",7402
"1237",6635
"1238",6882
"1239",7835
"1240",6673
"1241",7959
"1242",6932
"1243",6348
"1244",6866
"1245",7774
"1246",7466
"1247",7068
"1248",6662
"1249",6320
"1250",6337
"1251",7384
"1252",7979
"1253",7793
"1254",6744
"1255",6503
"1256",7111
"1257",6631
"1258",6833
"1259",6676
"1260",6740
"1261",7088
"1262",7233
"1263",7481
"1264",6894
"1265",7627
"1266",6956
"1267",7104
"1268",6489
"1269",7881
"1270",7354
"1271",6764
"1272",6866
"1273",7140
"1274",6821
"1275",7155
"1276",7800
"1277",7962
"1278",7663
"1279",6663
"1280",7074
"1281",6903
"1282",5881
"1283",6974
"1284",6905
"1285",7658
"1286",7948
"1287",7854
"1288",7156
"1289",6865
"1290",7303
"1291",6638
"1292",7384
"1293",7294
"1294",7796
"1295",7551
"1296",7351
"1297",7051
"1298",6510
"1299",7588
"1300",7492
"1301",7310
"1302",7169
"1303",6719
"1304",6854
"1305",6780
"1306",7438
"1307",8005
"1308",7010
"1309",6662
"1310",7663
"1311",7200
"1312",6862
"1313",6206
"1314",7166
"1315",7510
"1316",7621
"1317",6983
"1318",6832
"1319",7423
"1320",7448
"1321",7488
"1322",8080
"1323",6641
"1324",6335
"1325",6702
"1326",7128
"1327",7602
"1328",7862
"1329",7521
"1330",7574
"1331",7427
"1332",7164
"1333",7408
"1334",7842
"1335",7837
"1336",7828
"1337",7472
"1338",7481
"1339",7461
"1340",7215
"1341",7758
"1342",7636
"1343",6151
"1344",5531
"1345",7840
"1346",7621
"1347",7608
"1348",7621
"1349",8078
"1350",8177
"1351",7637
"1352",7655
"1353",8169
"1354",7955
"1355",7384
"1356",6644
"1357",7969
"1358",7903
"1359",7868
"1360",7761
"1361",7866
"1362",8050
"1363",8101
"1364",7584
"1365",7652
"1366",7848
"1367",7761
"1368",7333
"1369",8083
"1370",7484
"1371",7628
"1372",7770
"1373",7554
"1374",7563
"1375",6613
"1376",7515
"1377",7940
"1378",7239
"1379",7663
"1380",7636
"1381",6927
"1382",7524
"1383",6572
"1384",7868
"1385",8141
"1386",7104
"1387",7195
"1388",7649
"1389",7785
"1390",7519
"1391",7300
"1392",7400
"1393",7188
"1394",6797
"1395",7211
"1396",6902
"1397",7061
"1398",7375
"1399",7733
"1400",7015
"1401",6946
"1402",7917
"1403",7688
"1404",7595
"1405",7550
"1406",7512
"1407",7849
"1408",6898
"1409",7810
"1410",7167
"1411",8255
"1412",8344
"1413",7240
"1414",6781
"1415",7506
"1416",8138
"1417",8288
"1418",7346
"1419",8274
"1420",7944
"1421",7365
"1422",7843
"1423",7862
"1424",7609
"1425",7295
"1426",7277
"1427",7544
"1428",6979
"1429",6606
"1430",8011
"1431",7544
"1432",7880
"1433",7232
"1434",7313
"1435",8104
"1436",7010
"1437",7684
"1438",6894
"1439",7559
"1440",7487
"1441",7425
"1442",6878
"1443",6694
"1444",7451
"1445",7600
"1446",7638
"1447",7348
"1448",6897
"1449",7568
"1450",7925
"1451",7333
"1452",8174
"1453",7539
"1454",7911
"1455",7057
"1456",7012
"1457",7121
"1458",7048
"1459",7171
"1460",7423
"1461",7193
"1462",7484
"1463",6888
"1464",6715
"1465",7578
"1466",7597
"1467",6574
"1468",7086
"1469",7597
"1470",7873
"1471",7086
"1472",8074
"1473",7331
"1474",7010
"1475",7171
"1476",7327
"1477",7570
"1478",7171
"1479",7818
"1480",7379
"1481",7581
"1482",7305
"1483",7240
"1484",7110
"1485",7713
"1486",7583
"1487",7116
"1488",7321
"1489",7577
"1490",7723
"1491",7622
"1492",7668
"1493",7945
"1494",6847
"1495",7406
"1496",7553
"1497",7282
"1498",7592
"1499",7645
"1500",7709
"1501",7175
"1502",7047
"1503",7773
"1504",7885
"1505",7302
"1506",7419
"1507",7740
"1508",7721
"1509",7861
"1510",7721
"1511",7672
"1512",7656
"1513",7326
"1514",7700
"1515",7647
"1516",7674
"1517",7325
"1518",7672
"1519",7549
"1520",7641
"1521",7437
"1522",7257
"1523",7619
"1524",7867
"1525",6550
"1526",7557
"1527",7858
"1528",8176
"1529",7835
"1530",7705
"1531",7663
"1532",7793
"1533",7835
"1534",6717
"1535",7425
"1536",7322
"1537",7325
"1538",7662
"1539",7619
"1540",8372
"1541",7994
"1542",7944
"1543",7342
"1544",7678
"1545",7625
"1546",7545
"1547",7529
"1548",7911
"1549",7578
"1550",7467
"1551",6964
"1552",7446
"1553",7488
"1554",7497
"1555",7594
"1556",7638
"1557",7727
"1558",7706
"1559",7640
"1560",7674
"1561",8152
"1562",7670
"1563",7624
"1564",7716
"1565",7453
"1566",7715
"1567",7494
"1568",7586
"1569",6905
"1570",7095
"1571",7692
"1572",7974
"1573",7524
"1574",7335
"1575",7524
"1576",7617
"1577",7203
"1578",7331
"1579",7795
"1580",8255
"1581",7778
"1582",7608
"1583",7505
"1584",7888
"1585",7560
"1586",7403
"1587",7664
"1588",7606
"1589",7024
"1590",7618
"1591",7032
"1592",7538
"1593",7553
"1594",7589
"1595",7847
"1596",7724
"1597",6108
"1598",7912
"1599",8162
"1600",7449
"1601",6835
"1602",7474
"1603",7576
"1604",7267
"1605",7661
"1606",8023
"1607",6925
"1608",6541
"1609",7515
"1610",7505
"1611",8023
"1612",7939
"1613",7370
"1614",7546
"1615",7513
"1616",7282
"1617",7942
"1618",7468
"1619",6577
"1620",8141
"1621",7737
"1622",7417
"1623",7574
"1624",7657
"1625",7654
"1626",7376
"1627",4668
"1628",8058
"1629",6714
"1630",7531
"1631",7727
"1632",7995
"1633",7515
"1634",7545
"1635",7888
"1636",7615
"1637",7377
"1638",7754
"1639",7652
"1640",6800
"1641",7447
"1642",7142
"1643",7742
"1644",7551
"1645",7655
"1646",6102
"1647",8464
"1648",7876
"1649",7022
"1650",6763
"1651",7426
"1652",7362
"1653",8245
"1654",7832
"1655",7748
"1656",7869
"1657",6910
"1658",7403
"1659",7547
"1660",7977
"1661",7665
"1662",8097
"1663",7614
"1664",6583
"1665",7612
"1666",7947
"1667",7077
"1668",7888
"1669",6763
"1670",6622
"1671",6441
"1672",7618
"1673",6197
"1674",8023
"1675",8308
"1676",7917
"1677",7848
"1678",7709
"1679",7618
"1680",7632
"1681",7685
"1682",6939
"1683",8251
"1684",7490
"1685",7634
"1686",7828
"1687",7312
"1688",7362
"1689",7618
"1690",7714
"1691",7626
"1692",8160
"1693",7803
"1694",6446
"1695",7964
"1696",6489
"1697",7463
"1698",7845
"1699",7360
"1700",7472
"1701",7276
"1702",6478
"1703",7553
"1704",7649
"1705",6642
"1706",7451
"1707",8040
"1708",7471
"1709",7197
"1710",7172
"1711",7638
"1712",8057
"1713",7081
"1714",7353
"1715",7382
"1716",7942
"1717",6990
"1718",6846
"1719",7588
"1720",7462
"1721",8115
"1722",7303
"1723",7431
"1724",7951
"1725",6807
"1726",7616
"1727",8003
"1728",6866
"1729",7865
"1730",6997
"1731",7472
"1732",7203
"1733",7010
"1734",6573
"1735",7030
"1736",7178
"1737",6558
"1738",7504
"1739",8199
"1740",6599
"1741",7305
"1742",7535
"1743",7950
"1744",7976
"1745",7393
"1746",6929
"1747",6967
"1748",7567
"1749",7723
"1750",7395
"1751",7491
"1752",7417
"1753",7479
"1754",7521
"1755",6749
"1756",6664
"1757",7954
"1758",6541
"1759",6908
"1760",7781
"1761",7347
"1762",3060
"1763",7064
"1764",7094
"1765",7410
"1766",7400
"1767",7469
"1768",7273
"1769",7710
"1770",7321
"1771",7730
"1772",7530
"1773",7425
"1774",7156
"1775",7321
"1776",7703
"1777",7598
"1778",7307
"1779",7616
"1780",7422
"1781",7134
"1782",6738
"1783",7616
"1784",7422
"1785",7214
"1786",7470
"1787",7567
"1788",7291
"1789",7344
"1790",7606
"1791",7608
"1792",7407
"1793",7326
"1794",7425
"1795",7623
"1796",7746
"1797",7383
"1798",6946
"1799",6970
"1800",7529
"1801",5879
"1802",7655
"1803",7878
"1804",7050
"1805",7642
"1806",7405
"1807",7507
"1808",7185
"1809",7080
"1810",7457
"1811",7835
"1812",7320
"1813",7452
"1814",7385
"1815",7306
"1816",8064
"1817",7806
"1818",7682
"1819",7311
"1820",6653
"1821",7462
"1822",7462
"1823",7380
"1824",7185
"1825",6909
"1826",7329
"1827",4565
"1828",6920
"1829",7613
"1830",6498
"1831",6164
"1832",7326
"1833",7334
"1834",7598
"1835",7430
"1836",7071
"1837",7061
"1838",7229
"1839",7259
"1840",7300
"1841",7161
"1842",7539
"1843",7370
"1844",7260
"1845",7232
"1846",5985
"1847",6793
"1848",7524
"1849",7014
"1850",7762
"1851",7268
"1852",7363
"1853",5074
"1854",7223
"1855",6895
"1856",7488
"1857",7160
"1858",7367
"1859",6867
"1860",8090
"1861",7503
"1862",7785
"1863",7785
"1864",7630
"1865",7855
"1866",7203
"1867",7308
"1868",6590
"1869",7365
"1870",6952
"1871",6788
"1872",7206
"1873",7508
"1874",8209
"1875",4416
"1876",6856
"1877",7003
"1878",6258
"1879",7003
"1880",7002
"1881",7568
"1882",7419
"1883",6536
"1884",7131
"1885",7180
"1886",7185
"1887",7049
"1888",7270
"1889",6768
"1890",7820
"1891",7328
"1892",8339
"1893",7713
"1894",7531
"1895",7207
"1896",7786
"1897",7270
"1898",6540
"1899",5941
"1900",7201
"1901",7319
"1902",6977
"1903",7533
"1904",7087
"1905",7495
"1906",7170
"1907",7005
"1908",6995
"1909",7143
"1910",7138
"1911",7436
"1912",6955
"1913",8367
"1914",7448
"1915",3693
"1916",7406
"1917",7412
"1918",7736
"1919",6530
"1920",7384
"1921",6307
"1922",6244
"1923",6990
"1924",7819
"1925",7078
"1926",6998
"1927",7108
"1928",6962
"1929",6093
"1930",7053
"1931",6549
"1932",6664
"1933",6992
"1934",5128
"1935",4996
"1936",5218
"1937",6930
"1938",7304
"1939",6779
"1940",7156
"1941",7559
"1942",7586
"1943",6959
"1944",7266
"1945",7046
"1946",7261
"1947",6995
"1948",6860
"1949",6952
"1950",7380
"1951",6563
"1952",7668
"1953",7008
"1954",7032
"1955",7635
"1956",7927
"1957",7241
"1958",6440
"1959",7387
"1960",7490
"1961",7077
"1962",7257
"1963",7236
"1964",7278
"1965",7299
"1966",6407
"1967",6275
"1968",6183
"1969",6048
"1970",7363
"1971",7368
"1972",7336
"1973",7013
"1974",6954
"1975",7283
"1976",6456
"1977",7603
"1978",7260
"1979",7516
"1980",8027
"1981",7185
"1982",7227
"1983",7087
"1984",7411
"1985",7608
"1986",5861
"1987",5802
"1988",7237
"1989",5957
"1990",4928
"1991",5797
"1992",6819
"1993",5253
"1994",6647
"1995",5486
"1996",6754
"1997",7043
"1998",4591
"1999",7053
"2000",7494
"2001",7887
"2002",7895
"2003",7218
"2004",4992
"2005",6591
"2006",7554
"2007",6917
"2008",6501
"2009",6375
"2010",5697
"2011",6531
"2012",6678
"2013",6165
"2014",7446
"2015",6626
"2016",7026
"2017",7018
"2018",6654
"2019",6914
"2020",6244
"2021",6754
"2022",6327
"2023",6790
"2024",6866
"2025",5610
"2026",7083
"2027",7264
"2028",3945
"2029",4686
"2030",6750
"2031",6750
"2032",5757
"2033",7514
"2034",6734
"2035",6236
"2036",8049
"2037",6236
"2038",6198
"2039",7218
"2040",7405
"2041",6727
"2042",8070
"2043",6997
"2044",6483
"2045",5296
"2046",6727
"2047",6799
"2048",6479
"2049",6740
"2050",7122
"2051",6487
"2052",4434
"2053",6449
"2054",6924
"2055",5744
"2056",7052
"2057",6920
"2058",7307
"2059",6972
"2060",6739
"2061",7733
"2062",7129
"2063",7056
"2064",6765
"2065",6330
"2066",7408
"2067",7608
"2068",6898
"2069",7156
"2070",6965
"2071",6850
"2072",6109
"2073",6685
"2074",6331
"2075",6665
"2076",6282
"2077",7153
"2078",6189
"2079",6355
"2080",6659
"2081",6654
"2082",5875
"2083",7187
"2084",6889
"2085",5835
"2086",7026
"2087",6994
"2088",6581
"2089",6717
"2090",7300
"2091",6563
"2092",6698
"2093",7353
"2094",7483
"2095",7070
"2096",6904
"2097",6904
"2098",6668
"2099",6985
"2100",6851
"2101",6851
"2102",6479
"2103",7010
"2104",7158
"2105",6840
"2106",6884
"2107",6511
"2108",5902
"2109",6340
"2110",7212
"2111",5201
"2112",6837
"2113",5963
"2114",6627
"2115",6974
"2116",6715
"2117",7275
"2118",6972
"2119",5606
"2120",7046
"2121",6895
"2122",6570
"2123",7144
"2124",7529
"2125",6767
"2126",7093
"2127",6829
"2128",6651
"2129",6830
"2130",6736
"2131",6699
"2132",6367
"2133",5903
"2134",6891
"2135",6626
"2136",7098
"2137",4782
"2138",6613
"2139",6716
"2140",6066
"2141",6721
"2142",6807
"2143",6675
"2144",7052
"2145",4548
"2146",6537
"2147",6955
"2148",7073
"2149",7589
"2150",7247
"2151",6040
"2152",7120
"2153",6150
"2154",7255
"2155",7470
"2156",7032
"2157",7028
"2158",7051
"2159",7031
"2160",7247
"2161",7608
"2162",5511
"2163",6684
"2164",5271
"2165",6501
"2166",6701
"2167",7542
"2168",7414
"2169",6333
"2170",6768
"2171",5910
"2172",6600
"2173",6747
"2174",7117
"2175",6402
"2176",7095
"2177",7266
"2178",6812
"2179",6269
"2180",7737
"2181",6608
"2182",7660
"2183",7022
"2184",6491
"2185",6724
"2186",7263
"2187",7339
"2188",6342
"2189",6342
"2190",7133
"2191",6800
"2192",7238
"2193",7160
"2194",6598
"2195",7066
"2196",5411
"2197",7957
"2198",6549
"2199",7627
"2200",6610
"2201",7133
"2202",7169
"2203",7028
"2204",6616
"2205",7316
"2206",6076
"2207",6311
"2208",6721
"2209",7316
"2210",7713
"2211",7449
"2212",6912
"2213",6982
"2214",6911
"2215",7442
"2216",6323
"2217",4535
"2218",7455
"2219",7511
"2220",7430
"2221",6060
"2222",7134
"2223",7011
"2224",6581
"2225",7708
"2226",6136
"2227",7023
"2228",6903
"2229",7309
"2230",7201
"2231",7255
"2232",4801
"2233",7325
"2234",5733
"2235",6419
"2236",7500
"2237",7558
"2238",7569
"2239",7973
"2240",7789
"2241",7305
"2242",7518
"2243",6824
"2244",7378
"2245",6864
"2246",7174
"2247",4627
"2248",7570
"2249",7298
"2250",7488
"2251",6961
"2252",7111
"2253",7322
"2254",7030
"2255",6602
"2256",5085
"2257",7135
"2258",8100
"2259",5898
"2260",7770
"2261",7836
"2262",7810
"2263",7282
"2264",6889
"2265",7448
"2266",6807
"2267",7150
"2268",7043
"2269",7111
"2270",7111
"2271",8044
"2272",7491
"2273",7101
"2274",5508
"2275",6675
"2276",7296
"2277",7952
"2278",7437
"2279",7397
"2280",7952
"2281",8073
"2282",7929
"2283",6886
"2284",7722
"2285",7393
"2286",7512
"2287",7340
"2288",7688
"2289",6884
"2290",6730
"2291",7453
"2292",7176
"2293",7463
"2294",6985
"2295",6641
"2296",4921
"2297",7037
"2298",6919
"2299",7276
"2300",7286
"2301",7344
"2302",8071
"2303",7445
"2304",7517
"2305",7678
"2306",7583
"2307",7357
"2308",7275
"2309",7545
"2310",7612
"2311",7104
"2312",6146
"2313",7799
"2314",7065
"2315",7790
"2316",5277
"2317",7159
"2318",6289
"2319",7741
"2320",7733
"2321",7813
"2322",7084
"2323",6926
"2324",7662
"2325",7887
"2326",7399
"2327",7473
"2328",7316
"2329",7274
"2330",7056
"2331",7403
"2332",7373
"2333",7931
"2334",6939
"2335",7207
"2336",7663
"2337",7604
"2338",7532
"2339",7482
"2340",7106
"2341",6001
"2342",6976
"2343",6481
"2344",7412
"2345",6382
"2346",6851
"2347",7460
"2348",7105
"2349",7912
"2350",7279
"2351",6953
"2352",7542
"2353",6877
"2354",7316
"2355",6999
"2356",7611
"2357",7945
"2358",6087
"2359",7022
"2360",7650
"2361",7425
"2362",7338
"2363",7247
"2364",6613
"2365",6999
"2366",6851
"2367",7357
"2368",6207
"2369",7171
"2370",5936
"2371",6288
"2372",7321
"2373",7321
"2374",6611
"2375",7511
"2376",7357
"2377",5924
"2378",7198
"2379",6320
"2380",7328
"2381",7854
"2382",8067
"2383",7184
"2384",7593
"2385",7979
"2386",7503
"2387",7362
"2388",7550
"2389",7646
"2390",7516
"2391",7795
"2392",6951
"2393",7833
"2394",7869
"2395",7634
"2396",7474
"2397",7325
"2398",7338
"2399",7161
"2400",6911
"2401",7435
"2402",7583
"2403",7111
"2404",7626
"2405",7396
"2406",7302
"2407",7779
"2408",7643
"2409",6962
"2410",6588
"2411",7553
"2412",5966
"2413",6994
"2414",6944
"2415",7049
"2416",7427
"2417",7355
"2418",7090
"2419",7238
"2420",7688
"2421",7651
"2422",7948
"2423",7949
"2424",7864
"2425",7348
"2426",7387
"2427",7460
"2428",7147
"2429",6805
"2430",7430
"2431",7806
"2432",7512
"2433",7578
"2434",8005
"2435",7431
"2436",6963
"2437",6839
"2438",7437
"2439",7832
"2440",7409
"2441",7530
"2442",6673
"2443",6991
"2444",7680
"2445",7910
"2446",7798
"2447",7613
"2448",7982
"2449",8007
"2450",8070
"2451",7801
"2452",7418
"2453",7349
"2454",7376
"2455",7411
"2456",8107
"2457",6570
"2458",6057
"2459",7182
"2460",7683
"2461",7444
"2462",6778
"2463",8105
"2464",6243
"2465",7486
"2466",7549
"2467",7802
"2468",7838
"2469",7989
"2470",8235
"2471",7644
"2472",7761
"2473",6806
"2474",7090
"2475",6942
"2476",7044
"2477",6577
"2478",8036
"2479",6701
"2480",5921
"2481",6421
"2482",7166
"2483",7062
"2484",7387
"2485",6077
"2486",7431
"2487",6543
"2488",6756
"2489",7571
"2490",7578
"2491",7702
"2492",7374
"2493",7522
"2494",7695
"2495",7975
"2496",7459
"2497",7453
"2498",7549
"2499",8139
"2500",7876
"2501",7115
"2502",7092
"2503",7144
"2504",7972
"2505",7955
"2506",7497
"2507",6347
"2508",7178
"2509",6680
"2510",7456
"2511",7748
"2512",7748
"2513",7456
"2514",6478
"2515",7681
"2516",7501
"2517",7622
"2518",8021
"2519",7981
"2520",8031
"2521",7664
"2522",7007
"2523",7213
"2524",7358
"2525",6277
"2526",7057
"2527",7485
"2528",7126
"2529",8060
"2530",7546
"2531",6055
"2532",6959
"2533",7558
"2534",7593
"2535",7136
"2536",7892
"2537",7853
"2538",7648
"2539",7980
"2540",8099
"2541",7526
"2542",5870
"2543",7559
"2544",7559
"2545",6141
"2546",7698
"2547",7983
"2548",7888
"2549",7965
"2550",7524
"2551",7526
"2552",7333
"2553",6657
"2554",7363
"2555",7491
"2556",6633
"2557",7194
"2558",5079
"2559",7352
"2560",7707
"2561",8169
"2562",7419
"2563",7296
"2564",7963
"2565",7704
"2566",7410
"2567",7945
"2568",7966
"2569",8087
"2570",8092
"2571",7878
"2572",8184
"2573",7609
"2574",7989
"2575",7811
"2576",7042
"2577",7433
"2578",8114
"2579",7881
"2580",7943
"2581",7156
"2582",7557
"2583",7408
"2584",8099
"2585",7986
"2586",6972
"2587",7413
"2588",7436
"2589",6925
"2590",7931
"2591",7868
"2592",8054
"2593",8305
"2594",7939
"2595",7653
"2596",7207
"2597",7579
"2598",7943
"2599",6929
"2600",7672
"2601",7816
"2602",7790
"2603",8164
"2604",8103
"2605",7710
"2606",6799
"2607",7267
"2608",7099
"2609",7579
"2610",7525
"2611",7636
"2612",7893
"2613",7406
"2614",7761
"2615",7871
"2616",7671
"2617",7785
"2618",8106
"2619",7545
"2620",7738
"2621",8200
"2622",8325
"2623",7291
"2624",7574
"2625",7546
"2626",7866
"2627",6787
"2628",8183
"2629",7995
"2630",7613
"2631",6654
"2632",7588
"2633",5685
"2634",7211
"2635",7201
"2636",7395
"2637",6649
"2638",8023
"2639",7088
"2640",6663
"2641",8069
"2642",7653
"2643",7957
"2644",7620
"2645",7788
"2646",8173
"2647",7998
"2648",8167
"2649",8093
"2650",8142
"2651",7850
"2652",7275
"2653",7786
"2654",7787
"2655",7841
"2656",7513
"2657",7929
"2658",7742
"2659",7077
"2660",7778
"2661",6935
"2662",7366
"2663",7071
"2664",7906
"2665",6866
"2666",7849
"2667",7845
"2668",7065
"2669",7218
"2670",7522
"2671",8162
"2672",6597
"2673",6974
"2674",7985
"2675",8106
"2676",8178
"2677",8036
"2678",8001
"2679",8072
"2680",7273
"2681",7675
"2682",7565
"2683",8062
"2684",7458
"2685",7828
"2686",7593
"2687",7202
"2688",7077
"2689",7186
"2690",6580
"2691",7349
"2692",7651
"2693",8075
"2694",7977
"2695",8066
"2696",8075
"2697",7918
"2698",8188
"2699",8067
"2700",7901
"2701",7637
"2702",8025
"2703",7752
"2704",7858
"2705",7861
"2706",7615
"2707",6455
"2708",6680
"2709",8011
"2710",5704
"2711",7579
"2712",7635
"2713",7351
"2714",7552
"2715",7753
"2716",7973
"2717",7914
"2718",8069
"2719",7945
"2720",8014
"2721",8132
"2722",7936
"2723",8011
"2724",8022
"2725",7947
"2726",8042
"2727",8149
"2728",7690
"2729",8137
"2730",8130
"2731",7896
"2732",7545
"2733",7319
"2734",6937
"2735",7982
"2736",7741
"2737",8354
"2738",7838
"2739",7424
"2740",7786
"2741",8111
"2742",8303
"2743",8279
"2744",8261
"2745",8264
"2746",7841
"2747",7982
"2748",8150
"2749",8267
"2750",7849
"2751",7828
"2752",7830
"2753",8147
"2754",8152
"2755",8222
"2756",7974
"2757",5554
"2758",7949
"2759",6355
"2760",8293
"2761",8138
"2762",8311
"2763",8386
"2764",8167
"2765",7927
"2766",8320
"2767",8065
"2768",7455
"2769",7879
"2770",8181
"2771",8159
"2772",8068
"2773",7839
"2774",7496
"2775",7724
"2776",8441
"2777",7271
"2778",7427
"2779",7464
"2780",7861
"2781",7613
"2782",6741
"2783",7387
"2784",6971
"2785",7876
"2786",8159
"2787",8209
"2788",8201
"2789",8101
"2790",8141
"2791",7514
"2792",8110
"2793",8234
"2794",7587
"2795",7939
"2796",8036
"2797",7740
"2798",8068
"2799",8086
"2800",6797
"2801",7329
"2802",6824
"2803",7530
"2804",8109
"2805",7533
"2806",7926
"2807",8194
"2808",7993
"2809",7575
"2810",7988
"2811",7895
"2812",7936
"2813",7799
"2814",7930
"2815",8012
"2816",8117
"2817",8213
"2818",8095
"2819",8170
"2820",7812
"2821",7847
"2822",7920
"2823",6409
"2824",7099
"2825",7164
"2826",6944
"2827",7928
"2828",7315
"2829",7834
"2830",8114
"2831",7866
"2832",7684
"2833",7636
"2834",7853
"2835",7894
"2836",7960
"2837",8055
"2838",8164
"2839",7861
"2840",7772
"2841",7788
"2842",7962
"2843",7396
"2844",7946
"2845",6858
"2846",7294
"2847",7483
"2848",7262
"2849",7811
"2850",7644
"2851",7333
"2852",7753
"2853",7927
"2854",7637
"2855",7776
"2856",7984
"2857",8148
"2858",7748
"2859",7900
"2860",6567
"2861",7932
"2862",7997
"2863",7683
"2864",7954
"2865",7742
"2866",7920
"2867",7644
"2868",6687
"2869",6672
"2870",6869
"2871",7232
"2872",6564
"2873",7692
"2874",8047
"2875",7569
"2876",7713
"2877",7718
"2878",8179
"2879",8243
"2880",8194
"2881",7749
"2882",7618
"2883",7076
"2884",7753
"2885",7706
"2886",7236
"2887",7248
"2888",7746
"2889",7996
"2890",7239
"2891",7689
"2892",7923
"2893",7889
"2894",7502
"2895",7328
"2896",7451
"2897",7779
"2898",7919
"2899",8161
"2900",8261
"2901",8191
"2902",7718
"2903",7933
"2904",7617
"2905",7879
"2906",7794
"2907",7913
"2908",7705
"2909",7370
"2910",7170
"2911",7563
"2912",7138
"2913",7206
"2914",7414
"2915",7072
"2916",8072
"2917",7761
"2918",7663
"2919",8011
"2920",6078
"2921",7199
"2922",7755
"2923",7812
"2924",8112
"2925",8063
"2926",7839
"2927",7787
"2928",7814
"2929",7590
"2930",7472
"2931",8020
"2932",7747
"2933",7198
"2934",7734
"2935",7355
"2936",7400
"2937",7321
"2938",7765
"2939",7842
"2940",7818
"2941",7800
"2942",7931
"2943",8221
"2944",7741
"2945",7977
"2946",7680
"2947",8143
"2948",8092
"2949",7910
"2950",7610
"2951",7909
"2952",7936
"2953",8229
"2954",7990
"2955",8097
"2956",7835
"2957",8068
"2958",6608
"2959",6817
"2960",7769
"2961",7757
"2962",7050
"2963",7749
"2964",8138
"2965",8126
"2966",7956
"2967",8288
"2968",8125
"2969",7878
"2970",8042
"2971",8075
"2972",7932
"2973",8006
"2974",8200
"2975",8072
"2976",7732
"2977",7706
"2978",6961
"2979",7141
"2980",7636
"2981",7665
"2982",7783
"2983",6733
"2984",8141
"2985",7507
"2986",7225
"2987",7801
"2988",6535
"2989",7842
"2990",7693
"2991",7608
"2992",7824
"2993",8028
"2994",7991
"2995",8183
"2996",8185
"2997",7373
"2998",8213
"2999",7957
"3000",8173
"3001",8072
"3002",8436
"3003",8126
"3004",8082
"3005",7968
"3006",7594
"3007",7928
"3008",7650
"3009",6808
"3010",6968
"3011",7099
"3012",7242
"3013",7660
"3014",7808
"3015",7648
"3016",7568
"3017",7977
"3018",8096
"3019",7846
"3020",8091
"3021",8001
"3022",7985
"3023",7899
"3024",8293
"3025",8374
"3026",8281
"3027",8141
"3028",7758
"3029",8161
"3030",8080
"3031",8206
"3032",8138
"3033",8215
"3034",7520
"3035",7807
"3036",3923
"3037",6255
"3038",7104
"3039",7688
"3040",8297
"3041",7173
"3042",7714
"3043",8031
"3044",8210
"3045",8413
"3046",8460
"3047",8281
"3048",8203
"3049",8096
"3050",8053
"3051",8177
"3052",8067
"3053",8033
"3054",8137
"3055",7746
"3056",7816
"3057",7744
"3058",7698
"3059",7355
"3060",7828
"3061",7923
"3062",7211
"3063",7653
"3064",5955
"3065",8151
"3066",8136
"3067",3418
"3068",8280
"3069",7990
"3070",7503
"3071",8229
"3072",7968
"3073",7913
"3074",8175
"3075",8305
"3076",8156
"3077",8184
"3078",8141
"3079",8097
"3080",7978
"3081",7597
"3082",7932
"3083",7483
"3084",7032
"3085",6113
"3086",6541
"3087",7820
"3088",7749
"3089",7795
"3090",8370
"3091",8259
"3092",8245
"3093",7838
"3094",7836
"3095",8091
"3096",7444
"3097",6887
"3098",7565
"3099",8269
"3100",8324
"3101",8307
"3102",8141
"3103",8152
"3104",8094
"3105",7833
"3106",7812
"3107",7861
"3108",8055
"3109",7152
"3110",7146
"3111",4877
"3112",7797
"3113",7759
"3114",7800
"3115",6997
"3116",6806
"3117",7546
"3118",7645
"3119",7999
"3120",8409
"3121",8339
"3122",7718
"3123",8303
"3124",8076
"3125",8111
"3126",8140
"3127",8116
"3128",8171
"3129",8130
"3130",8113
"3131",8039
"3132",8082
"3133",7357
"3134",7133
"3135",7201
"3136",7802
"3137",7510
"3138",7748
"3139",7771
"3140",7950
"3141",8358
"3142",7813
"3143",6564
"3144",7918
"3145",8114
"3146",8034
"3147",7931
"3148",8217
"3149",6706
"3150",6625
"3151",7977
"3152",8190
"3153",8211
"3154",8183
"3155",8382
"3156",8017
"3157",8116
"3158",7719
"3159",8075
"3160",7981
"3161",8143
"3162",7859
"3163",7617
"3164",7596
"3165",8057
"3166",6472
"3167",6847
"3168",7577
"3169",7647
"3170",7821
"3171",7751
"3172",7699
"3173",8087
"3174",8261
"3175",8239
"3176",8225
"3177",8264
"3178",7686
"3179",8050
"3180",7886
"3181",7241
"3182",7545
"3183",8141
"3184",8055
"3185",7916
"3186",7962
"3187",7671
"3188",7353
"3189",7731
"3190",8244
"3191",7698
"3192",7112
"3193",6559
"3194",8038
"3195",7102
"3196",8087
"3197",7991
"3198",8348
"3199",8210
"3200",7514
"3201",7752
"3202",6739
"3203",7766
"3204",7985
"3205",8140
"3206",8261
"3207",8176
"3208",8199
"3209",8104
"3210",7663
"3211",7534
"3212",7529
"3213",8006
"3214",7720
"3215",7508
"3216",7181
"3217",7705
"3218",7078
"3219",7481
"3220",7694
"3221",8244
"3222",4585
"3223",7863
"3224",8165
"3225",8130
"3226",7248
"3227",6538
"3228",8058
"3229",7365
"3230",8272
"3231",8167
"3232",8249
"3233",8369
"3234",8262
"3235",7920
"3236",7843
"3237",8082
"3238",8061
"3239",7721
"3240",7880
"3241",7839
"3242",7663
"3243",8043
"3244",7161
"3245",7482
"3246",7797
"3247",7991
"3248",7658
"3249",7646
"3250",7872
"3251",7683
"3252",8056
"3253",8252
"3254",8188
"3255",8113
"3256",8121
"3257",7890
"3258",8062
"3259",8209
"3260",8135
"3261",8015
"3262",7882
"3263",7840
"3264",8095
"3265",7816
"3266",7759
"3267",7229
"3268",7100
"3269",8208
"3270",8006
"3271",7791
"3272",7357
"3273",8265
"3274",8161
"3275",8186
"3276",7934
"3277",7579
"3278",7972
"3279",7283
"3280",7764
"3281",7434
"3282",7608
"3283",7510
"3284",7821
"3285",8132
"3286",6440
"3287",8037
"3288",8294
"3289",7865
"3290",7855
"3291",7588
"3292",8139
"3293",7653
"3294",7237
"3295",7521
"3296",8121
"3297",8037
"3298",8163
"3299",7777
"3300",8196
"3301",7243
"3302",6937
"3303",6685
"3304",7222
"3305",7794
"3306",6492
"3307",8023
"3308",8231
"3309",8339
"3310",8100
"3311",8002
"3312",7748
"3313",8139
"3314",8023
"3315",8023
"3316",7603
"3317",7062
"3318",7218
"3319",7793
"3320",8015
"3321",7789
"3322",7796
"3323",6968
"3324",5644
"3325",7348
"3326",7908
"3327",8262
"3328",8255
"3329",8226
"3330",8097
"3331",8068
"3332",8051
"3333",7653
"3334",8084
"3335",7925
"3336",7259
"3337",7140
"3338",7239
"3339",7095
"3340",8409
"3341",7242
"3342",6937
"3343",8344
"3344",6889
"3345",8156
"3346",8186
"3347",8151
"3348",8142
"3349",8141
"3350",8100
"3351",7025
"3352",8016
"3353",7277
"3354",6928
"3355",7864
"3356",8139
"3357",8226
"3358",8071
"3359",8040
"3360",8169
"3361",8186
"3362",8240
"3363",8296
"3364",8377
"3365",7936
"3366",6985
"3367",7164
"3368",7599
"3369",7199
"3370",7286
"3371",6720
"3372",6681
"3373",7266
"3374",6430
"3375",7587
"3376",7282
"3377",7812
"3378",8206
"3379",8157
"3380",8284
"3381",8062
"3382",8164
"3383",8163
"3384",7785
"3385",8318
"3386",8116
"3387",8108
"3388",8039
"3389",8031
"3390",7200
"3391",7134
"3392",7742
"3393",7754
"3394",7856
"3395",7843
"3396",7297
"3397",7709
"3398",6741
"3399",8003
"3400",7336
"3401",7438
"3402",7438
"3403",7438
"3404",7438
"3405",6676
"3406",7621
"3407",8170
"3408",8205
"3409",8275
"3410",8106
"3411",7888
"3412",8264
"3413",7973
"3414",6945
"3415",7156
"3416",7527
"3417",7857
"3418",7470
"3419",6245
"3420",6884
"3421",7314
"3422",8085
"3423",7740
"3424",7479
"3425",7412
"3426",6797
"3427",7367
"3428",8014
"3429",8293
"3430",7961
"3431",8097
"3432",8137
"3433",7854
"3434",8233
"3435",8326
"3436",7095
"3437",6757
"3438",7373
"3439",7898
"3440",8038
"3441",7782
"3442",6751
"3443",6778
"3444",7452
"3445",7837
"3446",7541
"3447",7391
"3448",7525
"3449",7392
"3450",7132
"3451",7238
"3452",7768
"3453",7255
"3454",5976
"3455",7162
"3456",7911
"3457",7743
"3458",7990
"3459",8236
"3460",7823
"3461",8114
"3462",8067
"3463",7983
"3464",7521
"3465",7959
"3466",7695
"3467",8161
"3468",8064
"3469",8131
"3470",8221
"3471",6546
"3472",7678
"3473",7590
"3474",7923
"3475",6931
"3476",5992
"3477",8098
"3478",8041
"3479",7858
"3480",8203
"3481",8209
"3482",7962
"3483",8037
"3484",7980
"3485",8024
"3486",8028
"3487",7199
"3488",6385
"3489",7554
"3490",8247
"3491",8302
"3492",8311
"3493",8048
"3494",7540
"3495",6413
"3496",7115
"3497",6792
"3498",5623
"3499",7884
"3500",7154
"3501",7876
"3502",8035
"3503",6862
"3504",7469
"3505",6744
"3506",7716
"3507",7764
"3508",8070
"3509",7932
"3510",7981
"3511",7876
"3512",7070
"3513",7377
"3514",7439
"3515",8391
"3516",8258
"3517",8105
"3518",7789
"3519",8299
"3520",7725
"3521",8180
"3522",7819
"3523",7568
"3524",7440
"3525",7050
"3526",6366
"3527",7302
"3528",8326
"3529",8113
"3530",7604
"3531",7692
"3532",7611
"3533",7870
"3534",7837
"3535",7996
"3536",7508
"3537",7412
"3538",7808
"3539",8197
"3540",8343
"3541",8417
"3542",8330
"3543",8240
"3544",7675
"3545",6740
"3546",7454
"3547",7026
"3548",8326
"3549",7558
"3550",7032
"3551",7642
"3552",7426
"3553",7477
"3554",7027
"3555",7743
"3556",6001
"3557",8115
"3558",7896
"3559",7827
"3560",7198
"3561",7075
"3562",8039
"3563",8044
"3564",7940
"3565",7590
"3566",7847
"3567",8159
"3568",8029
"3569",8170
"3570",7879
"3571",7984
"3572",8015
"3573",8019
"3574",7713
"3575",7162
"3576",7573
"3577",7554
"3578",6947
"3579",7353
"3580",7442
"3581",7769
"3582",8393
"3583",8415
"3584",8325
"3585",6742
"3586",7736
"3587",8183
"3588",6819
"3589",5933
"3590",8388
"3591",8319
"3592",7596
"3593",7163
"3594",8103
"3595",7961
"3596",5895
"3597",8167
"3598",7835
"3599",8226
"3600",8005
"3601",7935
"3602",7840
"3603",7932
"3604",7735
"3605",7919
"3606",8121
"3607",8033
"3608",7833
"3609",8047
"3610",7897
"3611",8150
"3612",7180
"3613",7401
"3614",7619
"3615",8119
"3616",8290
"3617",8357
"3618",8267
"3619",6724
"3620",5589
"3621",8029
"3622",7667
"3623",7854
"3624",6998
"3625",7265
"3626",7735
"3627",7945
"3628",7861
"3629",8024
"3630",7914
"3631",7892
"3632",8215
"3633",8082
"3634",7989
"3635",8079
"3636",8112
"3637",8013
"3638",7677
"3639",7774
"3640",7288
"3641",8105
"3642",7680
"3643",7902
"3644",8228
"3645",7888
"3646",8027
"3647",7628
"3648",7612
"3649",7257
"3650",7616
"3651",7687
"3652",7874
"3653",7624
"3654",7080
"3655",7679
"3656",7612
"3657",7022
"3658",8365
"3659",7882
"3660",7606
"3661",7753
"3662",7943
"3663",8097
"3664",7801
"3665",7817
"3666",7754
"3667",6893
"3668",5907
"3669",7517
"3670",7450
"3671",7598
"3672",7325
"3673",7735
"3674",7703
"3675",7960
"3676",6519
"3677",7723
"3678",7668
"3679",7498
"3680",7808
"3681",8213
"3682",7764
"3683",7701
"3684",7799
"3685",7071
"3686",7673
"3687",7734
"3688",7672
"3689",7931
"3690",7190
"3691",7152
"3692",6377
"3693",5301
"3694",7902
"3695",8031
"3696",7897
"3697",7355
"3698",7973
"3699",7707
"3700",7653
"3701",7956
"3702",7435
"3703",6658
"3704",7127
"3705",7389
"3706",6521
"3707",8000
"3708",7743
"3709",7392
"3710",7344
"3711",7102
"3712",6516
"3713",7638
"3714",7689
"3715",6925
"3716",7333
"3717",5807
"3718",7300
"3719",7922
"3720",7433
"3721",7567
"3722",7597
"3723",7850
"3724",7422
"3725",8185
"3726",7783
"3727",7284
"3728",7868
"3729",7282
"3730",7549
"3731",7239
"3732",6630
"3733",7003
"3734",7356
"3735",7147
"3736",7534
"3737",8021
"3738",7522
"3739",7593
"3740",7473
"3741",6990
"3742",6790
"3743",6879
"3744",7494
"3745",8003
"3746",7753
"3747",7683
"3748",7670
"3749",7809
"3750",7491
"3751",7705
"3752",7456
"3753",7427
"3754",6727
"3755",7912
"3756",7633
"3757",7541
"3758",7014
"3759",8009
"3760",6976
"3761",7210
"3762",7415
"3763",7599
"3764",7968
"3765",7724
"3766",8061
"3767",8091
"3768",7710
"3769",7623
"3770",7679
"3771",7657
"3772",7479
"3773",7511
"3774",7482
"3775",7510
"3776",8240
"3777",4844
"3778",7511
"3779",7239
"3780",7592
"3781",8023
"3782",7647
"3783",7870
"3784",7966
"3785",7326
"3786",7326
"3787",7153
"3788",7052
"3789",7245
"3790",7296
"3791",8073
"3792",7350
"3793",7243
"3794",7834
"3795",7776
"3796",7953
"3797",7804
"3798",7592
"3799",7849
"3800",7246
"3801",7369
"3802",7962
"3803",7890
"3804",7921
"3805",7785
"3806",7893
"3807",8246
"3808",7826
"3809",7122
"3810",7459
"3811",7593
"3812",8180
"3813",7676
"3814",6655
"3815",7903
"3816",7918
"3817",7490
"3818",7989
"3819",7204
"3820",7761
"3821",6383
"3822",8363
"3823",8323
"3824",7865
"3825",6764
"3826",7815
"3827",7855
"3828",7961
"3829",7623
"3830",6950
"3831",7925
"3832",7809
"3833",6569
"3834",7801
"3835",7717
"3836",7472
"3837",7985
"3838",7738
"3839",7699
"3840",8076
"3841",8077
"3842",8090
"3843",7460
"3844",7826
"3845",7572
"3846",7415
"3847",7238
"3848",7539
"3849",8353
"3850",7755
"3851",8365
"3852",7091
"3853",7515
"3854",7730
"3855",7421
"3856",7572
"3857",7674
"3858",7650
"3859",7660
"3860",7685
"3861",7678
"3862",7458
"3863",7315
"3864",7433
"3865",7826
"3866",8146
"3867",8063
"3868",7800
"3869",7893
"3870",7916
"3871",7857
"3872",7865
"3873",8028
"3874",6935
"3875",6835
"3876",7705
"3877",6642
"3878",7446
"3879",7338
"3880",7606
"3881",8059
"3882",7584
"3883",7489
"3884",6885
"3885",6385
"3886",7945
"3887",8086
"3888",6170
"3889",7347
"3890",8081
"3891",8039
"3892",7425
"3893",7738
"3894",7886
"3895",8031
"3896",5259
"3897",7191
"3898",7334
"3899",7941
"3900",7630
"3901",7634
"3902",7867
"3903",5382
"3904",8201
"3905",8180
"3906",8136
"3907",8189
"3908",7165
"3909",7383
"3910",7238
"3911",7428
"3912",7149
"3913",5702
"3914",7793
"3915",8154
"3916",8196
"3917",6786
"3918",7223
"3919",8201
"3920",7726
"3921",7361
"3922",7711
"3923",7740
"3924",7088
"3925",7076
"3926",7727
"3927",7787
"3928",7851
"3929",7806
"3930",7916
"3931",8056
"3932",8176
"3933",7341
"3934",8140
"3935",7779
"3936",7539
"3937",7075
"3938",7543
"3939",7385
"3940",8198
"3941",8134
"3942",8036
"3943",8188
"3944",8280
"3945",7581
"3946",7499
"3947",6109
"3948",7551
"3949",7671
"3950",7358
"3951",6754
"3952",6706
"3953",7491
"3954",7816
"3955",6815
"3956",7298
"3957",7856
"3958",8261
"3959",8110
"3960",7402
"3961",6774
"3962",6939
"3963",7978
"3964",7549
"3965",7519
"3966",7042
"3967",7056
"3968",7233
"3969",7668
"3970",6538
"3971",6626
"3972",7690
"3973",8203
"3974",7810
"3975",7847
"3976",6760
"3977",7756
"3978",7772
"3979",8225
"3980",6849
"3981",7154
"3982",6416
"3983",4656
"3984",6185
"3985",7105
"3986",8128
"3987",7737
"3988",7953
"3989",7917
"3990",7767
"3991",7645
"3992",6495
"3993",7289
"3994",6685
"3995",7903
"3996",7290
"3997",6732
"3998",7057
"3999",6719
"4000",7837
"4001",8166
"4002",7837
"4003",7793
"4004",7677
"4005",7644
"4006",6588
"4007",7248
"4008",7822
"4009",7897
"4010",7456
"4011",7747
"4012",7609
"4013",8213
"4014",7096
"4015",7644
"4016",7514
"4017",6572
"4018",7544
"4019",7500
"4020",7306
"4021",6410
"4022",6778
"4023",6380
"4024",7988
"4025",6994
"4026",7886
"4027",7840
"4028",7980
"4029",7680
"4030",7072
"4031",7906
"4032",8052
"4033",7845
"4034",7624
"4035",8000
"4036",6736
"4037",6693
"4038",6865
"4039",7712
"4040",7799
"4041",7982
"4042",8173
"4043",5627
"4044",6624
"4045",7720
"4046",7468
"4047",7083
"4048",7859
"4049",6943
"4050",5865
"4051",3921
"4052",6843
"4053",6988
"4054",5874
"4055",7648
"4056",7830
"4057",7830
"4058",7843
"4059",7831
"4060",7135
"4061",7350
"4062",7156
"4063",7692
"4064",7283
"4065",7704
"4066",3832
"4067",7941
"4068",7474
"4069",7084
"4070",7604
"4071",6608
"4072",6997
"4073",7609
"4074",8333
"4075",7195
"4076",6899
"4077",7196
"4078",6877
"4079",5985
"4080",6343
"4081",6589
"4082",7663
"4083",6643
"4084",7163
"4085",7694
"4086",7368
"4087",7675
"4088",8396
"4089",8227
"4090",8026
"4091",7189
"4092",7673
"4093",7865
"4094",7348
"4095",7844
"4096",8410
"4097",7290
"4098",7612
"4099",6798
"4100",7556
"4101",3495
"4102",7516
"4103",8270
"4104",8132
"4105",7920
"4106",7841
"4107",7713
"4108",6463
"4109",7702
"4110",7524
"4111",8092
"4112",7810
"4113",7586
"4114",7644
"4115",7095
"4116",6685
"4117",6860
"4118",7639
"4119",7544
"4120",6641
"4121",8089
"4122",7588
"4123",7921
"4124",7902
"4125",7007
"4126",6547
"4127",7418
"4128",7553
"4129",8197
"4130",7525
"4131",8179
"4132",7735
"4133",7828
"4134",7819
"4135",2815
"4136",5690
"4137",6931
"4138",6425
"4139",6580
"4140",5810
"4141",5793
"4142",6409
"4143",6797
"4144",7402
"4145",7763
"4146",7724
"4147",7501
"4148",8049
"4149",7854
"4150",7482
"4151",7572
"4152",7668
"4153",7393
"4154",7296
"4155",7712
"4156",7764
"4157",7764
"4158",7764
"4159",7764
"4160",7310
"4161",6849
"4162",6768
"4163",6492
"4164",7158
"4165",5793
"4166",5561
"4167",6439
"4168",6650
"4169",7613
"4170",7438
"4171",7619
"4172",8032
"4173",7946
"4174",7539
"4175",7724
"4176",6496
"4177",7937
"4178",7964
"4179",7165
"4180",8036
"4181",7890
"4182",7068
"4183",8095
"4184",7468
"4185",7530
"4186",6942
"4187",7045
"4188",7825
"4189",7904
"4190",7750
"4191",7703
"4192",5024
"4193",7000
"4194",7236
"4195",7159
"4196",7508
"4197",7338
"4198",7709
"4199",7591
"4200",7530
"4201",7915
"4202",7659
"4203",7841
"4204",7903
"4205",7748
"4206",7065
"4207",7220
"4208",6982
"4209",7801
"4210",7835
"4211",7594
"4212",7676
"4213",7027
"4214",6509
"4215",6982
"4216",7382
"4217",7025
"4218",5753
"4219",7199
"4220",6988
"4221",7180
"4222",7584
"4223",7873
"4224",7911
"4225",7489
"4226",7732
"4227",7649
"4228",7600
"4229",7063
"4230",7671
"4231",7909
"4232",7842
"4233",5480
"4234",7964
"4235",6771
"4236",5720
"4237",7057
"4238",7062
"4239",7312
"4240",7954
"4241",7000
"4242",7757
"4243",8267
"4244",6782
"4245",7007
"4246",6781
"4247",6727
"4248",7469
"4249",7349
"4250",7643
"4251",7856
"4252",7535
"4253",7785
"4254",7703
"4255",7259
"4256",7525
"4257",7067
"4258",8044
"4259",7334
"4260",8394
"4261",7806
"4262",6931
"4263",6671
"4264",7028
"4265",8104
"4266",7902
"4267",4399
"4268",7291
"4269",7558
"4270",7475
"4271",5210
"4272",7591
"4273",7432
"4274",7591
"4275",5294
"4276",6096
"4277",7845
"4278",7653
"4279",7389
"4280",8104
"4281",8025
"4282",8047
"4283",6940
"4284",7639
"4285",8192
"4286",7942
"4287",7698
"4288",7558
"4289",7575
"4290",7401
"4291",4805
"4292",6401
"4293",7545
"4294",7087
"4295",6381
"4296",7078
"4297",3529
"4298",7324
"4299",7844
"4300",7755
"4301",7434
"4302",7616
"4303",7515
"4304",7442
"4305",7725
"4306",7732
"4307",7340
"4308",7724
"4309",6895
"4310",8406
"4311",7621
"4312",7262
"4313",7640
"4314",7991
"4315",7102
"4316",7921
"4317",7934
"4318",7820
"4319",7682
"4320",7686
"4321",7063
"4322",7031
"4323",5086
"4324",7667
"4325",7483
"4326",7669
"4327",7547
"4328",7883
"4329",7142
"4330",7231
"4331",8044
"4332",7724
"4333",7634
"4334",7577
"4335",7579
"4336",7361
"4337",7920
"4338",7542
"4339",7910
"4340",7753
"4341",7389
"4342",7152
"4343",7402
"4344",6897
"4345",7041
"4346",7602
"4347",7425
"4348",7312
"4349",7527
"4350",7438
"4351",7748
"4352",7582
"4353",7790
"4354",7372
"4355",7860
"4356",7568
"4357",7872
"4358",7775
"4359",8118
"4360",6943
"4361",7121
"4362",6422
"4363",6880
"4364",7526
"4365",7342
"4366",6435
"4367",7908
"4368",7774
"4369",7412
"4370",7761
"4371",7865
"4372",7256
"4373",6070
"4374",7072
"4375",7973
"4376",7850
"4377",7696
"4378",7674
"4379",7523
"4380",6824
"4381",7741
"4382",7496
"4383",7542
"4384",7545
"4385",7109
"4386",7871
"4387",7744
"4388",8155
"4389",7141
"4390",7169
"4391",7452
"4392",7678
"4393",7809
"4394",7679
"4395",7531
"4396",6305
"4397",7484
"4398",6459
"4399",7690
"4400",7962
"4401",7719
"4402",8000
"4403",7165
"4404",4634
"4405",8029
"4406",7997
"4407",8130
"4408",7833
"4409",4324
"4410",7371
"4411",6897
"4412",7228
"4413",7693
"4414",7176
"4415",7802
"4416",7906
"4417",5548
"4418",6934
"4419",6897
"4420",4898
"4421",7655
"4422",7839
"4423",7865
"4424",7319
"4425",3856
"4426",7268
"4427",7410
"4428",7367
"4429",7632
"4430",7797
"4431",8079
"4432",6056
"4433",7885
"4434",7954
"4435",7380
"4436",7907
"4437",7131
"4438",8279
"4439",7075
"4440",7672
"4441",7999
"4442",7363
"4443",7590
"4444",7124
"4445",7650
"4446",7156
"4447",7601
"4448",7574
"4449",7774
"4450",7025
"4451",5777
"4452",8329
"4453",8144
"4454",7662
"4455",6322
"4456",5244
"4457",7311
"4458",7629
"4459",3529
"4460",7854
"4461",8028
"4462",3829
"4463",7728
"4464",7252
"4465",7907
"4466",8324
"4467",8383
"4468",6672
"4469",7723
"4470",7812
"4471",7293
"4472",7444
"4473",7509
"4474",7687
"4475",8201
"4476",7072
"4477",7492
"4478",7017
"4479",7773
"4480",7450
"4481",7515
"4482",7960
"4483",8124
"4484",7448
"4485",8097
"4486",7201
"4487",7807
"4488",7308
"4489",7395
"4490",3970
"4491",6898
"4492",7581
"4493",7986
"4494",7460
"4495",7375
"4496",7746
"4497",7439
"4498",7244
"4499",7385
"4500",7806
"4501",7031
"4502",8329
"4503",7448
"4504",7672
"4505",7821
"4506",8089
"4507",7692
"4508",7371
"4509",7209
"4510",7733
"4511",7750
"4512",7465
"4513",7544
"4514",7930
"4515",7734
"4516",7863
"4517",7956
"4518",7573
"4519",7296
"4520",7586
"4521",7169
"4522",7388
"4523",7355
"4524",7275
"4525",7630
"4526",7847
"4527",8084
"4528",6179
"4529",7446
"4530",7847
"4531",5310
"4532",4456
"4533",7481
"4534",7709
"4535",7805
"4536",8115
"4537",7699
"4538",7979
"4539",7986
"4540",7635
"4541",7829
"4542",6827
"4543",7554
"4544",8146
"4545",8009
"4546",8102
"4547",8043
"4548",7681
"4549",7026
"4550",7367
"4551",7134
"4552",7146
"4553",6269
"4554",7657
"4555",7537
"4556",7499
"4557",7548
"4558",7925
"4559",8016
"4560",8089
"4561",7956
"4562",7008
"4563",7888
"4564",7331
"4565",7995
"4566",7954
"4567",7416
"4568",7737
"4569",7212
"4570",7353
"4571",7677
"4572",7638
"4573",7687
"4574",7637
"4575",7821
"4576",8012
"4577",8085
"4578",7757
"4579",7972
"4580",7853
"4581",6823
"4582",5135
"4583",4732
"4584",7605
"4585",5379
"4586",6989
"4587",7223
"4588",7599
"4589",7931
"4590",7949
"4591",7667
"4592",8010
"4593",8031
"4594",7911
"4595",6982
"4596",7576
"4597",7515
"4598",7862
"4599",8052
"4600",8005
"4601",8085
"4602",8148
"4603",7776
"4604",7988
"4605",8018
"4606",8000
"4607",7286
"4608",7661
"4609",7564
"4610",8063
"4611",7665
"4612",8075
"4613",7841
"4614",7938
"4615",4716
"4616",2877
"4617",7734
"4618",7805
"4619",7678
"4620",8105
"4621",7761
"4622",7946
"4623",8077
"4624",8037
"4625",8010
"4626",8089
"4627",8015
"4628",8026
"4629",8059
"4630",8125
"4631",8279
"4632",7060
"4633",7606
"4634",7536
"4635",7847
"4636",7819
"4637",7733
"4638",7901
"4639",7684
"4640",8264
"4641",6662
"4642",7457
"4643",7885
"4644",8019
"4645",8033
"4646",8008
"4647",8206
"4648",8050
"4649",8086
"4650",7952
"4651",7876
"4652",8029
"4653",7981
"4654",7996
"4655",7823
"4656",7445
"4657",8070
"4658",8138
"4659",8276
"4660",7736
"4661",7624
"4662",7824
"4663",8102
"4664",8125
"4665",7933
"4666",8043
"4667",8158
"4668",8027
"4669",7960
"4670",7975
"4671",8000
"4672",7962
"4673",8193
"4674",8043
"4675",8147
"4676",8184
"4677",8374
"4678",8324
"4679",7923
"4680",8203
"4681",7697
"4682",7462
"4683",7526
"4684",8000
"4685",7970
"4686",8196
"4687",8194
"4688",7851
"4689",7845
"4690",7772
"4691",8021
"4692",7995
"4693",8081
"4694",7986
"4695",8152
"4696",8164
"4697",7954
"4698",7825
"4699",8147
"4700",7680
"4701",7883
"4702",8098
"4703",8053
"4704",7828
"4705",7988
"4706",8012
"4707",8014
"4708",8062
"4709",8252
"4710",8165
"4711",7738
"4712",7243
"4713",8021
"4714",8143
"4715",8092
"4716",8102
"4717",8324
"4718",8330
"4719",8168
"4720",8014
"4721",7558
"4722",7815
"4723",7831
"4724",7751
"4725",7969
"4726",8129
"4727",8205
"4728",7806
"4729",7887
"4730",8169
"4731",8077
"4732",7949
"4733",7936
"4734",8017
"4735",8010
"4736",7964
"4737",7421
"4738",8041
"4739",8340
"4740",8117
"4741",8142
"4742",8108
"4743",8337
"4744",7822
"4745",8215
"4746",8115
"4747",8163
"4748",8260
"4749",8120
"4750",7989
"4751",8013
"4752",8132
"4753",8153
"4754",8011
"4755",8145
"4756",8205
"4757",8413
"4758",8096
"4759",8174
"4760",8178
"4761",8254
"4762",8173
"4763",8129
"4764",7703
"4765",7876
"4766",7884
"4767",6280
"4768",4762
"4769",7806
"4770",7828
"4771",8227
"4772",8156
"4773",8190
"4774",7914
"4775",8124
"4776",8017
"4777",8040
"4778",8183
"4779",8117
"4780",8115
"4781",8213
"4782",8357
"4783",8099
"4784",8142
"4785",8263
"4786",8011
"4787",8137
"4788",7073
"4789",7482
"4790",7366
"4791",7274
"4792",7655
"4793",7907
"4794",7939
"4795",7723
"4796",7930
"4797",8074
"4798",8062
"4799",7910
"4800",7883
"4801",8135
"4802",7942
"4803",7963
"4804",8049
"4805",8228
"4806",8019
"4807",8116
"4808",8273
"4809",8082
"4810",8116
"4811",7948
"4812",7868
"4813",8005
"4814",7990
"4815",7819
"4816",7875
"4817",7822
"4818",8188
"4819",8266
"4820",8278
"4821",8099
"4822",8065
"4823",8080
"4824",8462
"4825",8217
"4826",7301
"4827",8000
"4828",7521
"4829",8019
"4830",7938
"4831",7982
"4832",7672
"4833",7809
"4834",8293
"4835",6974
"4836",8120
"4837",7948
"4838",7891
"4839",7905
"4840",8102
"4841",8026
"4842",8111
"4843",8029
"4844",7826
"4845",8065
"4846",8334
"4847",7990
"4848",8169
"4849",7995
"4850",7942
"4851",7901
"4852",8054
"4853",8014
"4854",8213
"4855",8333
"4856",7820
"4857",7751
"4858",7574
"4859",7652
"4860",7599
"4861",8084
"4862",8055
"4863",8048
"4864",8360
"4865",8430
"4866",8339
"4867",8366
"4868",8452
"4869",8202
"4870",8272
"4871",8348
"4872",7963
"4873",7915
"4874",7846
"4875",7870
"4876",8190
"4877",7798
"4878",7862
"4879",8000
"4880",8092
"4881",8059
"4882",8211
"4883",8280
"4884",8022
"4885",8184
"4886",7750
"4887",7813
"4888",8204
"4889",8307
"4890",8208
"4891",8174
"4892",8187
"4893",8228
"4894",8336
"4895",8205
"4896",8355
"4897",8137
"4898",8103
"4899",8322
"4900",8504
"4901",7688
"4902",7282
"4903",7784
"4904",7835
"4905",7175
"4906",5452
"4907",8140
"4908",8121
"4909",7731
"4910",7671
"4911",8459
"4912",8082
"4913",8132
"4914",8108
"4915",8204
"4916",8270
"4917",8226
"4918",8407
"4919",8077
"4920",7958
"4921",8046
"4922",7725
"4923",7918
"4924",7677
"4925",8068
"4926",7902
"4927",7198
"4928",7990
"4929",7128
"4930",7925
"4931",8233
"4932",7966
"4933",8134
"4934",8059
"4935",8159
"4936",8000
"4937",8310
"4938",8450
"4939",7900
"4940",8191
"4941",8410
"4942",8263
"4943",7998
"4944",8026
"4945",7878
"4946",8053
"4947",7923
"4948",7757
"4949",7405
"4950",7224
"4951",7862
"4952",6007
"4953",7266
"4954",8133
"4955",8182
"4956",8374
"4957",8102
"4958",8205
"4959",8123
"4960",8113
"4961",7832
"4962",8133
"4963",7870
"4964",7762
"4965",7840
"4966",7978
"4967",6854
"4968",8073
"4969",7974
"4970",8074
"4971",7418
"4972",6390
"4973",6775
"4974",6523
"4975",8289
"4976",8219
"4977",8490
"4978",8136
"4979",7843
"4980",8098
"4981",7897
"4982",8004
"4983",7897
"4984",7882
"4985",8327
"4986",7647
"4987",8202
"4988",6189
"4989",6667
"4990",7186
"4991",5790
"4992",7922
"4993",8034
"4994",8346
"4995",8219
"4996",8462
"4997",8148
"4998",7932
"4999",8133
"5000",7982
"5001",7723
"5002",7579
"5003",8323
"5004",8299
"5005",8159
"5006",7808
"5007",7547
"5008",5604
"5009",7681
"5010",7875
"5011",8107
"5012",7985
"5013",8084
"5014",8138
"5015",7836
"5016",7822
"5017",8009
"5018",7855
"5019",8114
"5020",8338
"5021",8246
"5022",6312
"5023",7193
"5024",7936
"5025",5809
"5026",6231
"5027",7795
"5028",8011
"5029",7956
"5030",7902
"5031",8063
"5032",8098
"5033",8112
"5034",7810
"5035",7815
"5036",7830
"5037",8341
"5038",8151
"5039",7906
"5040",7012
"5041",8115
"5042",7699
"5043",5561
"5044",7113
"5045",7794
"5046",7935
"5047",7955
"5048",8367
"5049",4869
"5050",8328
"5051",8412
"5052",8292
"5053",8368
"5054",7174
"5055",7800
"5056",7962
"5057",7361
"5058",7726
"5059",8073
"5060",8303
"5061",7963
"5062",8049
"5063",8147
"5064",8005
"5065",8162
"5066",8163
"5067",8115
"5068",8406
"5069",8408
"5070",8069
"5071",7622
"5072",8035
"5073",8211
"5074",7892
"5075",7994
"5076",7873
"5077",8222
"5078",8184
"5079",8057
"5080",8085
"5081",8292
"5082",8010
"5083",7891
"5084",8002
"5085",4903
"5086",7390
"5087",8099
"5088",7923
"5089",7975
"5090",8098
"5091",7738
"5092",7929
"5093",7880
"5094",8072
"5095",8060
"5096",8050
"5097",7308
"5098",8087
"5099",7967
"5100",8005
"5101",8207
"5102",8138
"5103",7864
"5104",8062
"5105",8160
"5106",7984
"5107",7981
"5108",8087
"5109",8041
"5110",7777
"5111",7767
"5112",8206
"5113",8117
"5114",8178
"5115",8015
"5116",7230
"5117",8240
"5118",7836
"5119",8197
"5120",8013
"5121",7877
"5122",8019
"5123",NA
"5124",NA
"5125",NA
"5126",NA
"5127",5145
"5128",6569
"5129",8301
"5130",7532
"5131",6180
"5132",7024
"5133",5478
"5134",6284
"5135",6192
"5136",5753
"5137",7389
"5138",7632
"5139",7560
"5140",7268
"5141",7322
"5142",7253
"5143",7324
"5144",7326
"5145",7152
"5146",6777
"5147",6362
"5148",7053
"5149",7509
"5150",7038
"5151",7378
"5152",7312
"5153",7335
"5154",7679
"5155",7448
"5156",7821
"5157",7285
"5158",7255
"5159",7104
"5160",7054
"5161",7174
"5162",7253
"5163",7276
"5164",7187
"5165",5036
"5166",6782
"5167",6821
"5168",6192
"5169",6698
"5170",7048
"5171",8044
"5172",6120
"5173",7088
"5174",7342
"5175",6012
"5176",7136
"5177",7575
"5178",7744
"5179",7306
"5180",6873
"5181",7639
"5182",7714
"5183",7053
"5184",6651
"5185",5739
"5186",7028
"5187",6672
"5188",8095
"5189",7970
"5190",6310
"5191",7443
"5192",7404
"5193",7375
"5194",6982
"5195",7459
"5196",7918
"5197",7888
"5198",7107
"5199",7950
"5200",6685
"5201",7010
"5202",6899
"5203",7410
"5204",6923
"5205",6577
"5206",7475
"5207",6873
"5208",7382
"5209",7703
"5210",7547
"5211",7100
"5212",7058
"5213",7066
"5214",7834
"5215",6751
"5216",7322
"5217",6089
"5218",5987
"5219",7407
"5220",7127
"5221",6462
"5222",6556
"5223",7318
"5224",7748
"5225",7410
"5226",6948
"5227",7354
"5228",6565
"5229",6250
"5230",6759
"5231",7131
"5232",7347
"5233",7363
"5234",7069
"5235",7235
"5236",7254
"5237",7630
"5238",7981
"5239",7693
"5240",6997
"5241",8354
"5242",7657
"5243",7410
"5244",7703
"5245",7495
"5246",6923
"5247",7694
"5248",6874
"5249",7044
"5250",7416
"5251",7654
"5252",7876
"5253",7707
"5254",7724
"5255",6513
"5256",6916
"5257",6571
"5258",6867
"5259",5596
"5260",7931
"5261",7937
"5262",5921
"5263",8397
"5264",7466
"5265",7604
"5266",7008
"5267",6600
"5268",7128
"5269",6847
"5270",6854
"5271",6160
"5272",7401
"5273",6803
"5274",7713
"5275",8322
"5276",6972
"5277",7497
"5278",6805
"5279",6389
"5280",7446
"5281",6123
"5282",7456
"5283",7582
"5284",7226
"5285",7647
"5286",7127
"5287",7437
"5288",5970
"5289",6749
"5290",7537
"5291",6832
"5292",7532
"5293",7032
"5294",6196
"5295",7255
"5296",7559
"5297",7660
"5298",7800
"5299",7542
"5300",8011
"5301",7469
"5302",7777
"5303",7373
"5304",7659
"5305",7907
"5306",7515
"5307",7693
"5308",7421
"5309",7495
"5310",7410
"5311",7699
"5312",7613
"5313",7425
"5314",7754
"5315",6864
"5316",7103
"5317",6617
"5318",7858
"5319",7756
"5320",7054
"5321",6918
"5322",7293
"5323",6982
"5324",6070
"5325",7497
"5326",6816
"5327",6072
"5328",7113
"5329",6962
"5330",8188
"5331",7395
"5332",7182
"5333",7032
"5334",6192
"5335",7584
"5336",6715
"5337",7515
"5338",7364
"5339",6266
"5340",7433
"5341",6360
"5342",7667
"5343",6733
"5344",6931
"5345",7488
"5346",7059
"5347",7122
"5348",6670
"5349",6585
"5350",6560
"5351",7623
"5352",6435
"5353",7003
"5354",6148
"5355",6646
"5356",7184
"5357",7127
"5358",7377
"5359",7131
"5360",7552
"5361",7696
"5362",7876
"5363",7592
"5364",7582
"5365",7484
"5366",7427
"5367",7747
"5368",7281
"5369",7800
"5370",7688
"5371",7568
"5372",7801
"5373",7760
"5374",7344
"5375",7633
"5376",7200
"5377",7578
"5378",7053
"5379",7603
"5380",6774
"5381",7625
"5382",6372
"5383",6619
"5384",6465
"5385",7406
"5386",7155
"5387",6943
"5388",7096
"5389",7015
"5390",5419
"5391",5315
"5392",7776
"5393",7558
"5394",7188
"5395",8120
"5396",6928
"5397",7153
"5398",7172
"5399",8188
"5400",6739
"5401",6477
"5402",4808
"5403",5147
"5404",6803
"5405",6838
"5406",7877
"5407",7691
"5408",6979
"5409",6463
"5410",7282
"5411",7349
"5412",6134
"5413",7709
"5414",7659
"5415",5158
"5416",7232
"5417",5969
"5418",5045
"5419",5778
"5420",7002
"5421",7714
"5422",6149
"5423",4222
"5424",6458
"5425",6518
"5426",7777
"5427",7176
"5428",7077
"5429",7431
"5430",7322
"5431",7053
"5432",6714
"5433",6423
"5434",7448
"5435",6541
"5436",6139
"5437",7449
"5438",6593
"5439",6605
"5440",6091
"5441",6597
"5442",7228
"5443",7910
"5444",7948
"5445",8061
"5446",7744
"5447",7784
"5448",7620
"5449",7537
"5450",7757
"5451",7429
"5452",7631
"5453",7482
"5454",7764
"5455",8060
"5456",7491
"5457",7643
"5458",7747
"5459",7942
"5460",7022
"5461",7880
"5462",7611
"5463",7407
"5464",7184
"5465",6679
"5466",6600
"5467",7023
"5468",6263
"5469",6990
"5470",7235
"5471",6585
"5472",7820
"5473",7655
"5474",6328
"5475",6967
"5476",6677
"5477",7974
"5478",6572
"5479",7125
"5480",5431
"5481",7952
"5482",5045
"5483",6542
"5484",6979
"5485",4544
"5486",6777
"5487",7997
"5488",8146
"5489",7880
"5490",6628
"5491",7079
"5492",7219
"5493",8112
"5494",7442
"5495",4759
"5496",6706
"5497",5215
"5498",6618
"5499",6951
"5500",8130
"5501",7111
"5502",3883
"5503",4138
"5504",6102
"5505",7514
"5506",5702
"5507",5184
"5508",6762
"5509",8395
"5510",8093
"5511",8142
"5512",7366
"5513",6701
"5514",7131
"5515",6835
"5516",6729
"5517",6621
"5518",6688
"5519",6940
"5520",6880
"5521",7017
"5522",6594
"5523",7062
"5524",6830
"5525",7183
"5526",7389
"5527",7847
"5528",7016
"5529",7826
"5530",7669
"5531",7947
"5532",7819
"5533",7561
"5534",7441
"5535",7760
"5536",7785
"5537",7593
"5538",7048
"5539",7447
"5540",7279
"5541",7873
"5542",7466
"5543",7920
"5544",7638
"5545",7485
"5546",7377
"5547",7473
"5548",8031
"5549",7952
"5550",6578
"5551",7573
"5552",6500
"5553",6848
"5554",6382
"5555",5681
"5556",7941
"5557",7417
"5558",5810
"5559",7762
"5560",6658
"5561",7537
"5562",6156
"5563",5179
"5564",7307
"5565",5846
"5566",7569
"5567",7680
"5568",7790
"5569",7501
"5570",7456
"5571",5152
"5572",6647
"5573",7128
"5574",6072
"5575",7353
"5576",5956
"5577",7204
"5578",6232
"5579",7573
"5580",7498
"5581",7406
"5582",6654
"5583",6655
"5584",7084
"5585",5227
"5586",4853
"5587",6380
"5588",6180
"5589",6782
"5590",5518
"5591",7072
"5592",5812
"5593",7788
"5594",7438
"5595",7727
"5596",6994
"5597",6857
"5598",7227
"5599",7607
"5600",6692
"5601",6770
"5602",7049
"5603",7321
"5604",7042
"5605",6392
"5606",7205
"5607",6221
"5608",6884
"5609",6971
"5610",6878
"5611",7239
"5612",7230
"5613",7387
"5614",7338
"5615",7810
"5616",7593
"5617",7791
"5618",7673
"5619",7785
"5620",7903
"5621",7993
"5622",7483
"5623",7612
"5624",7519
"5625",7707
"5626",7458
"5627",7093
"5628",7722
"5629",7262
"5630",7547
"5631",7588
"5632",7583
"5633",7833
"5634",7808
"5635",7921
"5636",7673
"5637",7609
"5638",7104
"5639",6560
"5640",7641
"5641",6618
"5642",7419
"5643",4706
"5644",7500
"5645",5919
"5646",7882
"5647",6451
"5648",7087
"5649",7015
"5650",6843
"5651",6295
"5652",8394
"5653",7022
"5654",6929
"5655",7460
"5656",7474
"5657",7743
"5658",6316
"5659",7480
"5660",7466
"5661",7732
"5662",7862
"5663",5779
"5664",7515
"5665",7847
"5666",6556
"5667",5696
"5668",8018
"5669",7062
"5670",6931
"5671",7775
"5672",8306
"5673",7021
"5674",7720
"5675",7488
"5676",7124
"5677",7072
"5678",6893
"5679",7246
"5680",7190
"5681",7589
"5682",5952
"5683",7461
"5684",7068
"5685",4844
"5686",7258
"5687",6691
"5688",6716
"5689",7812
"5690",7170
"5691",7054
"5692",7732
"5693",7591
"5694",7332
"5695",6994
"5696",7711
"5697",7920
"5698",7669
"5699",6497
"5700",7799
"5701",6719
"5702",7428
"5703",7047
"5704",5204
"5705",5225
"5706",7331
"5707",6595
"5708",6835
"5709",6657
"5710",7056
"5711",6045
"5712",5918
"5713",6338
"5714",6389
"5715",4351
"5716",4815
"5717",4351
"5718",4865
"5719",4712
"5720",4587
"5721",5835
"5722",5768
"5723",4192
"5724",6803
"5725",5118
"5726",5711
"5727",5270
"5728",4763
"5729",5173
"5730",5193
"5731",4766
"5732",5604
"5733",4427
"5734",6227
"5735",5574
"5736",6019
"5737",5983
"5738",6214
"5739",5988
"5740",4959
"5741",6398
"5742",6063
"5743",4475
"5744",7741
"5745",5914
"5746",7827
"5747",7891
"5748",6679
"5749",5642
"5750",5539
"5751",8510
"5752",7752
"5753",8180
"5754",8346
"5755",7774
"5756",7592
"5757",7011
"5758",8166
"5759",7828
"5760",8035
"5761",7896
"5762",8217
"5763",7313
"5764",8186
"5765",5282
"5766",7972
"5767",5951
"5768",7907
"5769",7444
"5770",6553
"5771",4481
"5772",4566
"5773",6191
"5774",5377
"5775",5576
"5776",7226
"5777",6339
"5778",8255
"5779",7416
"5780",6062
"5781",7507
"5782",5965
"5783",5835
"5784",6340
"5785",5060
"5786",6744
"5787",6685
"5788",7459
"5789",6687
"5790",6924
"5791",6461
"5792",6996
"5793",5662
"5794",5513
"5795",7040
"5796",6272
"5797",8143
"5798",6844
"5799",7131
"5800",5177
"5801",5627
"5802",6841
"5803",5879
"5804",7019
"5805",6553
"5806",7299
"5807",7604
"5808",6518
"5809",5375
"5810",6619
"5811",6413
"5812",5392
"5813",4485
"5814",3460
"5815",7083
"5816",7370
"5817",7485
"5818",7541
"5819",7744
"5820",7054
"5821",7363
"5822",7447
"5823",7108
"5824",7809
"5825",7381
"5826",6880
"5827",7005
"5828",7345
"5829",7293
"5830",6737
"5831",7145
"5832",7052
"5833",7236
"5834",6784
"5835",7647
"5836",6203
"5837",6027
"5838",7306
"5839",7130
"5840",6695
"5841",6557
"5842",6971
"5843",7077
"5844",7274
"5845",7597
"5846",7446
"5847",7234
"5848",6975
"5849",7873
"5850",7308
"5851",7470
"5852",7293
"5853",7202
"5854",7278
"5855",7009
"5856",6644
"5857",7269
"5858",7135
"5859",7125
"5860",7370
"5861",6888
"5862",7036
"5863",6713
"5864",7671
"5865",7847
"5866",7588
"5867",7551
"5868",7238
"5869",7580
"5870",7713
"5871",7561
"5872",7471
"5873",7779
"5874",8006
"5875",7903
"5876",7722
"5877",7436
"5878",7112
"5879",7116
"5880",7248
"5881",7220
"5882",7647
"5883",7440
"5884",7660
"5885",7802
"5886",7429
"5887",7870
"5888",7208
"5889",7317
"5890",7773
"5891",7582
"5892",7961
"5893",7958
"5894",7769
"5895",6933
"5896",3548
"5897",7254
"5898",7328
"5899",7642
"5900",6613
"5901",6961
"5902",6962
"5903",7374
"5904",6543
"5905",6780
"5906",6893
"5907",7610
"5908",6940
"5909",7440
"5910",6654
"5911",7287
"5912",6780
"5913",7169
"5914",7444
"5915",7799
"5916",7521
"5917",7062
"5918",7338
"5919",7765
"5920",7871
"5921",7380
"5922",5036
"5923",4916
"5924",6682
"5925",7167
"5926",7187
"5927",7659
"5928",6912
"5929",7535
"5930",7412
"5931",7643
"5932",7685
"5933",6979
"5934",7291
"5935",7460
"5936",7266
"5937",6988
"5938",7607
"5939",7367
"5940",7299
"5941",7849
"5942",7412
"5943",7492
"5944",7795
"5945",7825
"5946",7689
"5947",7795
"5948",7369
"5949",7704
"5950",7417
"5951",7419
"5952",7461
"5953",7687
"5954",7614
"5955",7823
"5956",7896
"5957",8099
"5958",7260
"5959",8234
"5960",8131
"5961",7189
"5962",7791
"5963",7772
"5964",6956
"5965",7805
"5966",7769
"5967",7323
"5968",6370
"5969",6575
"5970",6804
"5971",6501
"5972",6589
"5973",7234
"5974",7156
"5975",5889
"5976",7529
"5977",5901
"5978",7264
"5979",7115
"5980",7544
"5981",7763
"5982",6187
"5983",6696
"5984",6875
"5985",6451
"5986",7010
"5987",7816
"5988",7208
"5989",5724
"5990",7677
"5991",8275
"5992",7377
"5993",7156
"5994",7289
"5995",6465
"5996",7225
"5997",7525
"5998",7068
"5999",7236
"6000",7518
"6001",7754
"6002",6672
"6003",7051
"6004",7005
"6005",6859
"6006",7352
"6007",7306
"6008",7274
"6009",6874
"6010",6615
"6011",7791
"6012",7105
"6013",6690
"6014",7443
"6015",7703
"6016",7490
"6017",7781
"6018",7663
"6019",7939
"6020",7673
"6021",6826
"6022",7525
"6023",7612
"6024",7789
"6025",7430
"6026",7832
"6027",7816
"6028",7757
"6029",8200
"6030",8101
"6031",8025
"6032",7854
"6033",8108
"6034",7730
"6035",7793
"6036",7219
"6037",7616
"6038",6544
"6039",7267
"6040",7438
"6041",6419
"6042",6537
"6043",7404
"6044",5323
"6045",4791
"6046",7333
"6047",7786
"6048",6939
"6049",6779
"6050",6813
"6051",7451
"6052",6045
"6053",6889
"6054",6482
"6055",6974
"6056",7020
"6057",6089
"6058",6814
"6059",6600
"6060",7141
"6061",6106
"6062",6540
"6063",7134
"6064",5956
"6065",6451
"6066",6545
"6067",7400
"6068",8130
"6069",7637
"6070",7267
"6071",8123
"6072",7208
"6073",7387
"6074",7471
"6075",7023
"6076",7083
"6077",7447
"6078",7268
"6079",6891
"6080",7597
"6081",7238
"6082",7397
"6083",7332
"6084",7550
"6085",7676
"6086",7057
"6087",7137
"6088",7579
"6089",7542
"6090",7444
"6091",7658
"6092",7825
"6093",7686
"6094",7673
"6095",7943
"6096",8146
"6097",8160
"6098",8103
"6099",7487
"6100",7632
"6101",6980
"6102",6904
"6103",7355
"6104",4923
"6105",7655
"6106",6788
"6107",6888
"6108",7409
"6109",6892
"6110",4629
"6111",6665
"6112",7173
"6113",6515
"6114",6710
"6115",7013
"6116",6830
"6117",6956
"6118",6204
"6119",7350
"6120",7073
"6121",6343
"6122",7738
"6123",7582
"6124",7731
"6125",7745
"6126",7158
"6127",7181
"6128",7885
"6129",7778
"6130",7805
"6131",7678
"6132",7439
"6133",7142
"6134",6895
"6135",6994
"6136",7831
"6137",7373
"6138",7431
"6139",7836
"6140",7575
"6141",8142
"6142",7631
"6143",7400
"6144",7322
"6145",7521
"6146",7198
"6147",7700
"6148",7851
"6149",7111
"6150",7467
"6151",7848
"6152",8015
"6153",7772
"6154",7517
"6155",7847
"6156",7246
"6157",7654
"6158",7208
"6159",6947
"6160",7259
"6161",5903
"6162",6968
"6163",6373
"6164",7275
"6165",5258
"6166",7987
"6167",6776
"6168",7248
"6169",6827
"6170",6894
"6171",7084
"6172",7444
"6173",6167
"6174",6764
"6175",7518
"6176",7233
"6177",7641
"6178",7444
"6179",7113
"6180",7500
"6181",7904
"6182",7612
"6183",7286
"6184",7213
"6185",7612
"6186",7344
"6187",7718
"6188",7650
"6189",6913
"6190",7270
"6191",7199
"6192",7443
"6193",7302
"6194",7572
"6195",7843
"6196",7721
"6197",7399
"6198",7987
"6199",7786
"6200",7730
"6201",7258
"6202",6888
"6203",7760
"6204",7872
"6205",7777
"6206",7105
"6207",7540
"6208",8067
"6209",7494
"6210",7714
"6211",7888
"6212",7642
"6213",7726
"6214",7612
"6215",7437
"6216",7370
"6217",7390
"6218",6632
"6219",7890
"6220",7122
"6221",4927
"6222",7434
"6223",6456
"6224",6492
"6225",7082
"6226",7013
"6227",6899
"6228",8098
"6229",7331
"6230",7494
"6231",6232
"6232",7448
"6233",7569
"6234",7787
"6235",7290
"6236",7899
"6237",7493
"6238",7405
"6239",7661
"6240",7307
"6241",6625
"6242",6946
"6243",7639
"6244",7804
"6245",8084
"6246",7644
"6247",5928
"6248",4575
"6249",7841
"6250",7222
"6251",4692
"6252",6260
"6253",8168
"6254",7153
"6255",6609
"6256",6849
"6257",7682
"6258",7478
"6259",7148
"6260",7687
"6261",7771
"6262",6629
"6263",7149
"6264",6408
"6265",6622
"6266",7058
"6267",7856
"6268",6705
"6269",6458
"6270",7562
"6271",7376
"6272",8177
"6273",6490
"6274",7862
"6275",7568
"6276",8105
"6277",3205
"6278",7982
"6279",6478
"6280",6684
"6281",5716
"6282",7982
"6283",8012
"6284",8287
"6285",7842
"6286",6677
"6287",5449
"6288",7291
"6289",7148
"6290",5937
"6291",8158
"6292",6380
"6293",6401
"6294",7633
"6295",6730
"6296",6858
"6297",6972
"6298",5078
"6299",7127
"6300",7498
"6301",7853
"6302",7552
"6303",7021
"6304",7735
"6305",7561
"6306",7034
"6307",7280
"6308",7034
"6309",7486
"6310",7444
"6311",7653
"6312",6425
"6313",6097
"6314",7278
"6315",6160
"6316",7161
"6317",7709
"6318",7569
"6319",7395
"6320",7728
"6321",7446
"6322",7179
"6323",7524
"6324",6995
"6325",7338
"6326",7298
"6327",7228
"6328",7596
"6329",7500
"6330",7424
"6331",7100
"6332",7232
"6333",7160
"6334",7131
"6335",6852
"6336",7832
"6337",7526
"6338",8115
"6339",7598
"6340",7582
"6341",7699
"6342",7781
"6343",7820
"6344",6982
"6345",7974
"6346",7291
"6347",8006
"6348",6905
"6349",7334
"6350",7141
"6351",7741
"6352",7113
"6353",7549
"6354",7297
"6355",7163
"6356",6264
"6357",6999
"6358",6009
"6359",7537
"6360",7530
"6361",7056
"6362",7521
"6363",7701
"6364",8306
"6365",8018
"6366",6589
"6367",5687
"6368",5678
"6369",4080
"6370",5463
"6371",6487
"6372",6785
"6373",6507
"6374",7185
"6375",7875
"6376",7591
"6377",7857
"6378",7375
"6379",7446
"6380",7565
"6381",6917
"6382",7640
"6383",7495
"6384",7864
"6385",8311
"6386",6605
"6387",5850
"6388",5891
"6389",5899
"6390",6802
"6391",6714
"6392",7311
"6393",6787
"6394",8185
"6395",7489
"6396",7617
"6397",8137
"6398",6120
"6399",7908
"6400",8452
"6401",6854
"6402",6483
"6403",5674
"6404",7409
"6405",7341
"6406",7279
"6407",6506
"6408",7602
"6409",7180
"6410",8278
"6411",6769
"6412",8434
"6413",8277
"6414",7872
"6415",6841
"6416",7465
"6417",6500
"6418",7376
"6419",8290
"6420",7379
"6421",7029
"6422",7157
"6423",6352
"6424",7503
"6425",7888
"6426",6915
"6427",8089
"6428",7696
"6429",6930
"6430",6823
"6431",7555
"6432",6534
"6433",7489
"6434",7485
"6435",6470
"6436",7076
"6437",7279
"6438",7360
"6439",7155
"6440",7262
"6441",7378
"6442",7071
"6443",7958
"6444",8083
"6445",7502
"6446",7168
"6447",7350
"6448",8358
"6449",8069
"6450",7407
"6451",6880
"6452",7475
"6453",6784
"6454",7793
"6455",8070
"6456",7842
"6457",7738
"6458",8145
"6459",7971
"6460",8053
"6461",6398
"6462",8160
"6463",7881
"6464",7909
"6465",7219
"6466",7881
"6467",7291
"6468",6814
"6469",6432
"6470",6098
"6471",7436
"6472",7522
"6473",8242
"6474",7594
"6475",7915
"6476",7682
"6477",7323
"6478",7827
"6479",7740
"6480",7572
"6481",6378
"6482",6943
"6483",6437
"6484",6535
"6485",7010
"6486",5872
"6487",6875
"6488",7713
"6489",7663
"6490",6992
"6491",7789
"6492",7779
"6493",7390
"6494",6907
"6495",6127
"6496",6200
"6497",6557
"6498",8270
"6499",7854
"6500",7982
"6501",7626
"6502",7193
"6503",6942
"6504",7013
"6505",7611
"6506",7296
"6507",8236
"6508",6295
"6509",7462
"6510",7892
"6511",7448
"6512",8140
"6513",8187
"6514",7395
"6515",7727
"6516",7347
"6517",7681
"6518",7085
"6519",7002
"6520",8097
"6521",7770
"6522",7567
"6523",7219
"6524",7620
"6525",8100
"6526",7651
"6527",7760
"6528",7420
"6529",7056
"6530",7329
"6531",7613
"6532",7196
"6533",6892
"6534",7517
"6535",7178
"6536",7618
"6537",7794
"6538",8021
"6539",7834
"6540",7420
"6541",7728
"6542",7986
"6543",7931
"6544",7568
"6545",7580
"6546",6916
"6547",7735
"6548",7308
"6549",7641
"6550",7520
"6551",6650
"6552",7316
"6553",7424
"6554",7243
"6555",7333
"6556",7731
"6557",7663
"6558",7174
"6559",6642
"6560",7074
"6561",6955
"6562",7767
"6563",8179
"6564",8413
"6565",8140
"6566",7602
"6567",7969
"6568",7486
"6569",6747
"6570",6742
"6571",7516
"6572",7253
"6573",7078
"6574",8248
"6575",7135
"6576",8001
"6577",8469
"6578",7834
"6579",7750
"6580",7805
"6581",8285
"6582",7142
"6583",7314
"6584",7643
"6585",7340
"6586",7584
"6587",6995
"6588",7626
"6589",7952
"6590",7169
"6591",7290
"6592",7199
"6593",6676
"6594",7942
"6595",7768
"6596",5686
"6597",7611
"6598",6937
"6599",7007
"6600",7518
"6601",7746
"6602",7330
"6603",7508
"6604",6324
"6605",6856
"6606",7033
"6607",6920
"6608",7931
"6609",7732
"6610",7031
"6611",6330
"6612",8087
"6613",7682
"6614",8050
"6615",6749
"6616",7650
"6617",7364
"6618",7186
"6619",7226
"6620",7312
"6621",7621
"6622",8082
"6623",7102
"6624",7450
"6625",8179
"6626",7771
"6627",7008
"6628",7073
"6629",7641
"6630",6987
"6631",6619
"6632",7835
"6633",6980
"6634",6757
"6635",6600
"6636",7342
"6637",8065
"6638",7808
"6639",7033
"6640",7215
"6641",7338
"6642",7325
"6643",7628
"6644",7008
"6645",7157
"6646",6719
"6647",6279
"6648",7394
"6649",7575
"6650",8269
"6651",7061
"6652",7409
"6653",8077
"6654",8248
"6655",8037
"6656",7440
"6657",7655
"6658",7139
"6659",6773
"6660",7153
"6661",7789
"6662",7209
"6663",7793
"6664",7765
"6665",7915
"6666",6484
"6667",8054
"6668",7637
"6669",7271
"6670",7704
"6671",7557
"6672",7285
"6673",7268
"6674",8128
"6675",7172
"6676",6942
"6677",7707
"6678",7914
"6679",7713
"6680",7519
"6681",7617
"6682",7236
"6683",7306
"6684",6995
"6685",6942
"6686",7168
"6687",7221
"6688",7161
"6689",7383
"6690",7831
"6691",6939
"6692",6622
"6693",7416
"6694",7019
"6695",7158
"6696",7762
"6697",7645
"6698",6551
"6699",7725
"6700",7775
"6701",7254
"6702",7279
"6703",7519
"6704",6761
"6705",8266
"6706",7894
"6707",7733
"6708",7364
"6709",7044
"6710",7161
"6711",6963
"6712",7690
"6713",7434
"6714",7315
"6715",8387
"6716",8423
"6717",7901
"6718",6838
"6719",6850
"6720",7945
"6721",7230
"6722",7376
"6723",7570
"6724",7393
"6725",7920
"6726",8169
"6727",8328
"6728",8483
"6729",7565
"6730",7445
"6731",7097
"6732",7899
"6733",7540
"6734",7610
"6735",7690
"6736",7859
"6737",7247
"6738",7777
"6739",7470
"6740",7669
"6741",7222
"6742",7523
"6743",6947
"6744",6869
"6745",7279
"6746",7213
"6747",7334
"6748",7387
"6749",7634
"6750",7788
"6751",6672
"6752",7176
"6753",7142
"6754",7400
"6755",8013
"6756",7853
"6757",8290
"6758",7378
"6759",7892
"6760",7830
"6761",7823
"6762",7851
"6763",7450
"6764",7085
"6765",6073
"6766",6803
"6767",7017
"6768",7412
"6769",7882
"6770",8284
"6771",8303
"6772",7864
"6773",7736
"6774",7338
"6775",7289
"6776",7504
"6777",8476
"6778",7619
"6779",7818
"6780",7337
"6781",7286
"6782",6286
"6783",6294
"6784",7286
"6785",6900
"6786",7230
"6787",7660
"6788",7988
"6789",7969
"6790",7970
"6791",8376
"6792",7407
"6793",7189
"6794",7338
"6795",7663
"6796",7345
"6797",7831
"6798",8034
"6799",7616
"6800",6665
"6801",6500
"6802",7070
"6803",7286
"6804",8014
"6805",8216
"6806",7833
"6807",7535
"6808",8190
"6809",7630
"6810",6908
"6811",7435
"6812",7594
"6813",7936
"6814",7354
"6815",7850
"6816",7399
"6817",7235
"6818",6485
"6819",6891
"6820",7449
"6821",7195
"6822",7147
"6823",7353
"6824",7883
"6825",7636
"6826",7968
"6827",7970
"6828",7869
"6829",8447
"6830",7656
"6831",7543
"6832",7846
"6833",7488
"6834",7375
"6835",7451
"6836",7548
"6837",8051
"6838",8075
"6839",8007
"6840",7440
"6841",7413
"6842",6822
"6843",7604
"6844",5872
"6845",8236
"6846",7705
"6847",7743
"6848",7727
"6849",7725
"6850",7596
"6851",7549
"6852",7848
"6853",7740
"6854",7812
"6855",7500
"6856",7929
"6857",7860
"6858",7539
"6859",7658
"6860",7996
"6861",8118
"6862",8071
"6863",8024
"6864",8206
"6865",7684
"6866",7109
"6867",7368
"6868",7158
"6869",6850
"6870",6923
"6871",7115
"6872",5881
"6873",6204
"6874",6976
"6875",7327
"6876",7072
"6877",6568
"6878",7784
"6879",7752
"6880",8262
"6881",7900
"6882",7631
"6883",8368
"6884",8422
"6885",7786
"6886",7349
"6887",5983
"6888",7757
"6889",7146
"6890",7278
"6891",7023
"6892",6934
"6893",7256
"6894",7384
"6895",7283
"6896",7773
"6897",7940
"6898",7209
"6899",7828
"6900",8141
"6901",7183
"6902",7092
"6903",6881
"6904",7242
"6905",7023
"6906",6973
"6907",8059
"6908",8107
"6909",7654
"6910",7175
"6911",7724
"6912",7485
"6913",6497
"6914",7221
"6915",6937
"6916",7788
"6917",7798
"6918",6800
"6919",7931
"6920",7381
"6921",7408
"6922",7480
"6923",7370
"6924",7318
"6925",7562
"6926",7785
"6927",7406
"6928",7240
"6929",7815
"6930",8290
"6931",7591
"6932",7718
"6933",7264
"6934",7466
"6935",7179
"6936",6693
"6937",6912
"6938",7303
"6939",7648
"6940",7611
"6941",7812
"6942",7889
"6943",7690
"6944",7575
"6945",7817
"6946",7409
"6947",6851
"6948",7162
"6949",6604
"6950",7043
"6951",7867
"6952",7375
"6953",6993
"6954",7091
"6955",6705
"6956",7106
"6957",6344
"6958",7290
"6959",7568
"6960",7854
"6961",7141
"6962",7319
"6963",7003
"6964",7183
"6965",7394
"6966",7882
"6967",8248
"6968",7963
"6969",7887
"6970",7819
"6971",7890
"6972",8111
"6973",7961
"6974",7445
"6975",7884
"6976",7322
"6977",6106
"6978",7458
"6979",5889
"6980",7691
"6981",7636
"6982",7293
"6983",7153
"6984",7036
"6985",6764
"6986",7324
"6987",4545
"6988",7604
"6989",6438
"6990",6662
"6991",7215
"6992",7432
"6993",7683
"6994",7072
"6995",6755
"6996",6146
"6997",5605
"6998",7450
"6999",8476
"7000",7525
"7001",7157
"7002",7969
"7003",8131
"7004",7670
"7005",6437
"7006",7390
"7007",7477
"7008",7532
"7009",6950
"7010",5961
"7011",6509
"7012",7214
"7013",7634
"7014",7238
"7015",7197
"7016",7226
"7017",7808
"7018",4802
"7019",5275
"7020",6922
"7021",7036
"7022",7412
"7023",7996
"7024",5824
"7025",7060
"7026",7613
"7027",7873
"7028",7820
"7029",7799
"7030",7140
"7031",8243
"7032",8147
"7033",6643
"7034",6794
"7035",5525
"7036",6812
"7037",6727
"7038",7219
"7039",7660
"7040",6961
"7041",7639
"7042",7480
"7043",7720
"7044",7750
"7045",7755
"7046",7837
"7047",7752
"7048",7912
"7049",7534
"7050",7469
"7051",7894
"7052",6470
"7053",6440
"7054",6579
"7055",5955
"7056",6589
"7057",7043
"7058",7736
"7059",7888
"7060",7377
"7061",8198
"7062",7932
"7063",7953
"7064",7276
"7065",7636
"7066",7630
"7067",7704
"7068",7321
"7069",7106
"7070",5262
"7071",6722
"7072",7769
"7073",7273
"7074",7306
"7075",7571
"7076",7268
"7077",8015
"7078",7411
"7079",7382
"7080",7046
"7081",7726
"7082",6798
"7083",6852
"7084",7191
"7085",6698
"7086",6340
"7087",6821
"7088",7403
"7089",7148
"7090",7581
"7091",6615
"7092",7272
"7093",7192
"7094",7443
"7095",7615
"7096",7068
"7097",7299
"7098",7513
"7099",6781
"7100",6818
"7101",6869
"7102",7455
"7103",7602
"7104",7060
"7105",7441
"7106",6558
"7107",6836
"7108",7155
"7109",7262
"7110",6444
"7111",6543
"7112",7906
"7113",8169
"7114",7989
"7115",8338
"7116",7525
"7117",8406
"7118",7645
"7119",7986
"7120",7995
"7121",7869
"7122",7508
"7123",7780
"7124",7929
"7125",8434
"7126",7859
"7127",7407
"7128",7618
"7129",8175
"7130",8569
"7131",7941
"7132",7165
"7133",7620
"7134",7186
"7135",7743
"7136",7916
"7137",7446
"7138",7191
"7139",7963
"7140",8305
"7141",6954
"7142",7768
"7143",7117
"7144",7813
"7145",7998
"7146",8291
"7147",8179
"7148",8414
"7149",8692
"7150",7927
"7151",8079
"7152",8315
"7153",8427
"7154",8389
"7155",8421
"7156",7486
"7157",8019
"7158",8154
"7159",8395
"7160",8300
"7161",8280
"7162",8412
"7163",8021
"7164",7863
"7165",8232
"7166",8411
"7167",8311
"7168",8545
"7169",8095
"7170",7926
"7171",7037
"7172",6933
"7173",7947
"7174",8333
"7175",8493
"7176",8609
"7177",8294
"7178",7913
"7179",6974
"7180",7535
"7181",6871
"7182",6880
"7183",7962
"7184",8092
"7185",8575
"7186",8626
"7187",8472
"7188",7747
"7189",7462
"7190",8111
"7191",8533
"7192",8382
"7193",8689
"7194",7941
"7195",7825
"7196",8041
"7197",7718
"7198",8294
"7199",8084
"7200",7891
"7201",8135
"7202",8255
"7203",8128
"7204",8213
"7205",7397
"7206",7203
"7207",7720
"7208",7581
"7209",7446
"7210",8697
"7211",8301
"7212",7636
"7213",7563
"7214",7682
"7215",8262
"7216",8249
"7217",8105
"7218",7176
"7219",8187
"7220",7436
"7221",7896
"7222",8201
"7223",8362
"7224",8387
"7225",8395
"7226",6060
"7227",7864
"7228",8058
"7229",6912
"7230",7886
"7231",7205
"7232",8140
"7233",6986
"7234",7578
"7235",8145
"7236",8056
"7237",7889
"7238",6900
"7239",7167
"7240",7578
"7241",8277
"7242",7986
"7243",7324
"7244",7560
"7245",7341
"7246",7348
"7247",8062
"7248",7050
"7249",7805
"7250",8047
"7251",7927
"7252",8326
"7253",8201
"7254",7811
"7255",8172
"7256",8256
"7257",6096
"7258",7271
"7259",7988
"7260",7728
"7261",7917
"7262",7781
"7263",8168
"7264",7894
"7265",7391
"7266",7117
"7267",7937
"7268",7700
"7269",8052
"7270",8223
"7271",6775
"7272",7514
"7273",6673
"7274",6555
"7275",7636
"7276",7221
"7277",7180
"7278",7437
"7279",7966
"7280",7701
"7281",7419
"7282",7660
"7283",6732
"7284",7545
"7285",7685
"7286",6946
"7287",7606
"7288",7851
"7289",6942
"7290",7758
"7291",7607
"7292",7417
"7293",7360
"7294",6531
"7295",6293
"7296",5791
"7297",7197
"7298",7255
"7299",7100
"7300",7512
"7301",8058
"7302",7935
"7303",6343
"7304",7405
"7305",7943
"7306",6580
"7307",7977
"7308",4988
"7309",6684
"7310",6974
"7311",6751
"7312",8217
"7313",7212
"7314",7379
"7315",7539
"7316",7610
"7317",7782
"7318",7024
"7319",6918
"7320",8274
"7321",8054
"7322",7433
"7323",7082
"7324",7584
"7325",6933
"7326",6829
"7327",7445
"7328",7122
"7329",6441
"7330",8004
"7331",6954
"7332",6195
"7333",7304
"7334",6733
"7335",7064
"7336",7893
"7337",6902
"7338",5972
"7339",7090
"7340",6358
"7341",7050
"7342",7714
"7343",6690
"7344",7643
"7345",7155
"7346",7462
"7347",7290
"7348",6198
"7349",7400
"7350",6912
"7351",7772
"7352",7397
"7353",7405
"7354",7635
"7355",6354
"7356",7715
"7357",7678
"7358",7483
"7359",7996
"7360",7231
"7361",6897
"7362",7225
"7363",6778
"7364",7659
"7365",7288
"7366",7852
"7367",7937
"7368",7329
"7369",7276
"7370",6319
"7371",8279
"7372",8193
"7373",7314
"7374",8120
"7375",8057
"7376",7367
"7377",7672
"7378",7951
"7379",7332
"7380",7579
"7381",6909
"7382",6730
"7383",7662
"7384",7285
"7385",7783
"7386",7888
"7387",7966
"7388",5450
"7389",7273
"7390",6323
"7391",7888
"7392",7815
"7393",7622
"7394",7646
"7395",7711
"7396",7331
"7397",6672
"7398",8252
"7399",7421
"7400",7868
"7401",7647
"7402",7435
"7403",5836
"7404",6587
"7405",7102
"7406",7195
"7407",7887
"7408",6597
"7409",6890
"7410",6794
"7411",7308
"7412",7635
"7413",5397
"7414",7918
"7415",7572
"7416",7046
"7417",7457
"7418",8133
"7419",7449
"7420",5374
"7421",7600
"7422",6296
"7423",7085
"7424",8051
"7425",7230
"7426",7603
"7427",6004
"7428",6499
"7429",6043
"7430",7852
"7431",7565
"7432",6744
"7433",6652
"7434",7193
"7435",8063
"7436",6771
"7437",6515
"7438",7681
"7439",7831
"7440",7901
"7441",6428
"7442",6971
"7443",7680
"7444",7749
"7445",6947
"7446",6688
"7447",7595
"7448",5970
"7449",7884
"7450",7104
"7451",7636
"7452",8034
"7453",7448
"7454",6983
"7455",6468
"7456",8098
"7457",6080
"7458",6307
"7459",7419
"7460",6238
"7461",7455
"7462",6335
"7463",7045
"7464",7916
"7465",6535
"7466",6810
"7467",6769
"7468",7448
"7469",6470
"7470",5942
"7471",5970
"7472",7306
"7473",6299
"7474",6620
"7475",4882
"7476",7822
"7477",7801
"7478",6985
"7479",5885
"7480",6902
"7481",6565
"7482",7313
"7483",6572
"7484",7641
"7485",7099
"7486",7735
"7487",7731
"7488",7832
"7489",7558
"7490",7357
"7491",7056
"7492",7857
"7493",7722
"7494",7461
"7495",5504
"7496",5435
"7497",5715
"7498",7456
"7499",7384
"7500",5868
"7501",5634
"7502",7482
"7503",5299
"7504",7606
"7505",8002
"7506",6334
"7507",7053
"7508",8238
"7509",6737
"7510",7096
"7511",6896
"7512",6810
"7513",5273
"7514",4447
"7515",7177
"7516",6810
"7517",7385
"7518",6922
"7519",6938
"7520",6750
"7521",6814
"7522",6720
"7523",7416
"7524",6438
"7525",6660
"7526",6489
"7527",5844
"7528",5187
"7529",6742
"7530",6422
"7531",7219
"7532",7073
"7533",6571
"7534",6840
"7535",5524
"7536",6890
"7537",6573
"7538",7136
"7539",6886
"7540",6853
"7541",7311
"7542",7581
"7543",7188
"7544",6779
"7545",6744
"7546",7566
"7547",7104
"7548",6635
"7549",6708
"7550",7774
"7551",6877
"7552",6030
"7553",6719
"7554",6437
"7555",7345
"7556",7346
"7557",5751
"7558",7277
"7559",7042
"7560",7137
"7561",6976
"7562",7378
"7563",6287
"7564",6674
"7565",7041
"7566",6616
"7567",7544
"7568",7486
"7569",6978
"7570",7290
"7571",6963
"7572",6988
"7573",7539
"7574",7048
"7575",6902
"7576",6727
"7577",7618
"7578",7423
"7579",6740
"7580",6370
"7581",7158
"7582",7348
"7583",7712
"7584",7427
"7585",7038
"7586",8046
"7587",7294
"7588",7264
"7589",7489
"7590",5628
"7591",7271
"7592",7158
"7593",7529
"7594",7736
"7595",7070
"7596",7479
"7597",7374
"7598",7321
"7599",7554
"7600",7631
"7601",7352
"7602",7466
"7603",7428
"7604",7413
"7605",6780
"7606",7082
"7607",7683
"7608",7181
"7609",7523
"7610",7601
"7611",7141
"7612",6101
"7613",7492
"7614",7112
"7615",7746
"7616",7558
"7617",6611
"7618",6122
"7619",6956
"7620",6811
"7621",7519
"7622",6929
"7623",7165
"7624",6694
"7625",6392
"7626",6819
"7627",7987
"7628",6828
"7629",7052
"7630",8064
"7631",7213
"7632",7350
"7633",7005
"7634",7455
"7635",6869
"7636",7738
"7637",6697
"7638",7447
"7639",6765
"7640",6649
"7641",6357
"7642",6607
"7643",8044
"7644",7981
"7645",6045
"7646",7218
"7647",7412
"7648",6665
"7649",7325
"7650",7466
"7651",6780
"7652",6580
"7653",6682
"7654",7664
"7655",5904
"7656",6759
"7657",6411
"7658",6068
"7659",6898
"7660",7046
"7661",6975
"7662",6683
"7663",6174
"7664",6558
"7665",7205
"7666",7449
"7667",7583
"7668",6474
"7669",7505
"7670",7169
"7671",7494
"7672",7120
"7673",7234
"7674",7396
"7675",6820
"7676",6405
"7677",6829
"7678",6405
"7679",6706
"7680",7486
"7681",6905
"7682",6317
"7683",6992
"7684",7756
"7685",7889
"7686",6787
"7687",6735
"7688",6774
"7689",7122
"7690",7839
"7691",7933
"7692",7476
"7693",7044
"7694",6282
"7695",5624
"7696",7173
"7697",7014
"7698",7581
"7699",8133
"7700",7396
"7701",8002
"7702",7779
"7703",8074
"7704",7894
"7705",7631
"7706",7431
"7707",7938
"7708",8287
"7709",7700
"7710",7860
"7711",7503
"7712",6624
"7713",6906
"7714",7572
"7715",8343
"7716",7893
"7717",7773
"7718",7810
"7719",7113
"7720",7344
"7721",7236
"7722",8068
"7723",8172
"7724",7755
"7725",8238
"7726",7703
"7727",7878
"7728",6924
"7729",6628
"7730",6353
"7731",8214
"7732",7508
"7733",6469
"7734",6606
"7735",7673
"7736",7404
"7737",4852
"7738",7772
"7739",7052
"7740",8163
"7741",7134
"7742",6123
"7743",7019
"7744",6803
"7745",7775
"7746",6178
"7747",6838
"7748",7153
"7749",8114
"7750",6417
"7751",7981
"7752",8322
"7753",7989
"7754",7358
"7755",7114
"7756",7173
"7757",7363
"7758",7369
"7759",8171
"7760",7191
"7761",8188
"7762",6519
"7763",7894
"7764",7125
"7765",8156
"7766",6746
"7767",7472
"7768",7684
"7769",7838
"7770",7622
"7771",7206
"7772",7549
"7773",7401
"7774",7391
"7775",7514
"7776",7309
"7777",7138
"7778",7375
"7779",7352
"7780",7558
"7781",7605
"7782",7834
"7783",6915
"7784",6244
"7785",7180
"7786",8352
"7787",7875
"7788",8203
"7789",7504
"7790",7962
"7791",7776
"7792",7155
"7793",7918
"7794",7289
"7795",6734
"7796",7535
"7797",5054
"7798",7727
"7799",8066
"7800",7268
"7801",8053
"7802",7789
"7803",8078
"7804",7771
"7805",7867
"7806",7852
"7807",7893
"7808",7723
"7809",7923
"7810",7922
"7811",7332
"7812",7657
"7813",7216
"7814",7760
"7815",7713
"7816",6823
"7817",7280
"7818",6196
"7819",6547
"7820",7322
"7821",7018
"7822",7283
"7823",6725
"7824",6249
"7825",6853
"7826",6834
"7827",7660
"7828",7283
"7829",6962
"7830",7036
"7831",7281
"7832",7000
"7833",8034
"7834",7386
"7835",6588
"7836",6956
"7837",6162
"7838",4824
"7839",6468
"7840",6646
"7841",6142
"7842",7100
"7843",6454
"7844",6908
"7845",7414
"7846",6930
"7847",7072
"7848",6981
"7849",6037
"7850",5862
"7851",6060
"7852",7134
"7853",7785
"7854",7265
"7855",8029
"7856",7211
"7857",7980
"7858",7280
"7859",7126
"7860",7467
"7861",7413
"7862",7267
"7863",7482
"7864",7425
"7865",7618
"7866",7557
"7867",7866
"7868",7817
"7869",7540
"7870",7767
"7871",7605
"7872",8306
"7873",8310
"7874",7937
"7875",7910
"7876",7648
"7877",5224
"7878",8180
"7879",8199
"7880",7834
"7881",7444
"7882",7374
"7883",7559
"7884",7571
"7885",7996
"7886",7372
"7887",7843
"7888",7229
"7889",6988
"7890",7004
"7891",7480
"7892",7154
"7893",7277
"7894",6547
"7895",7143
"7896",7145
"7897",6936
"7898",6797
"7899",5986
"7900",6670
"7901",6524
"7902",7440
"7903",6991
"7904",7809
"7905",6788
"7906",7071
"7907",7034
"7908",6921
"7909",6600
"7910",6936
"7911",6938
"7912",7866
"7913",7721
"7914",8130
"7915",7508
"7916",6613
"7917",6555
"7918",7467
"7919",7521
"7920",7676
"7921",7839
"7922",7358
"7923",7009
"7924",5282
"7925",7627
"7926",7856
"7927",8168
"7928",6879
"7929",7793
"7930",7918
"7931",8277
"7932",8168
"7933",8168
"7934",7932
"7935",7571
"7936",7415
"7937",8084
"7938",8197
"7939",7639
"7940",7151
"7941",7679
"7942",8066
"7943",7777
"7944",7610
"7945",7233
"7946",6579
"7947",6976
"7948",7804
"7949",7804
"7950",7918
"7951",8137
"7952",7206
"7953",7958
"7954",6925
"7955",7806
"7956",7806
"7957",8166
"7958",7085
"7959",8266
"7960",8193
"7961",8201
"7962",7613
"7963",7936
"7964",7500
"7965",7908
"7966",7409
"7967",7723
"7968",8222
"7969",7715
"7970",8032
"7971",8063
"7972",8018
"7973",5262
"7974",7577
"7975",6570
"7976",7534
"7977",7778
"7978",7707
"7979",6601
"7980",7354
"7981",6092
"7982",7800
"7983",7265
"7984",5942
"7985",6161
"7986",7300
"7987",6559
"7988",6833
"7989",8108
"7990",6323
"7991",7720
"7992",7004
"7993",7740
"7994",7195
"7995",7364
"7996",7124
"7997",7309
"7998",7012
"7999",7412
"8000",6772
"8001",7322
"8002",6045
"8003",7576
"8004",7478
"8005",7491
"8006",6140
"8007",7572
"8008",6999
"8009",6282
"8010",7370
"8011",5846
"8012",7402
"8013",6994
"8014",8089
"8015",7805
"8016",7987
"8017",7993
"8018",8075
"8019",8299
"8020",7390
"8021",6232
"8022",7784
"8023",7505
"8024",7469
"8025",7311
"8026",6607
"8027",7863
"8028",6000
"8029",5590
"8030",7135
"8031",6326
"8032",5880
"8033",5333
"8034",7163
"8035",6726
"8036",7352
"8037",7376
"8038",6769
"8039",7125
"8040",5965
"8041",5399
"8042",7441
"8043",6602
"8044",6355
"8045",8044
"8046",6548
"8047",6401
"8048",6314
"8049",6843
"8050",7378
"8051",6756
"8052",5911
"8053",6495
"8054",7796
"8055",7646
"8056",5468
"8057",7634
"8058",5527
"8059",6665
"8060",7199
"8061",6906
"8062",7610
"8063",6215
"8064",7407
"8065",7046
"8066",5996
"8067",5346
"8068",7218
"8069",6875
"8070",6913
"8071",7118
"8072",6815
"8073",6440
"8074",7344
"8075",7545
"8076",7205
"8077",8247
"8078",7282
"8079",7534
"8080",6196
"8081",7234
"8082",7682
"8083",6796
"8084",6517
"8085",4560
"8086",7021
"8087",7511
