"","NDVI2013"
"1",7313
"2",7775
"3",6913
"4",6637
"5",6504
"6",7394
"7",6280
"8",6382
"9",7187
"10",6284
"11",6357
"12",6851
"13",6153
"14",7708
"15",5868
"16",6589
"17",5695
"18",5169
"19",4875
"20",5084
"21",6504
"22",6473
"23",7167
"24",7825
"25",7090
"26",6895
"27",6291
"28",5889
"29",5314
"30",4827
"31",5193
"32",4551
"33",4847
"34",4200
"35",6330
"36",7733
"37",6930
"38",6581
"39",7740
"40",6916
"41",7684
"42",7083
"43",6765
"44",5442
"45",5187
"46",5580
"47",6816
"48",7745
"49",8153
"50",7074
"51",7190
"52",6156
"53",6241
"54",5481
"55",5081
"56",4078
"57",7787
"58",7018
"59",6098
"60",6538
"61",6016
"62",5497
"63",6739
"64",6371
"65",6357
"66",5300
"67",5052
"68",4903
"69",4927
"70",5816
"71",7143
"72",6422
"73",6198
"74",5826
"75",5345
"76",6231
"77",6128
"78",5735
"79",7436
"80",6853
"81",5335
"82",5809
"83",7907
"84",6803
"85",7234
"86",7390
"87",7243
"88",7431
"89",6068
"90",4704
"91",5912
"92",6709
"93",6949
"94",7166
"95",6328
"96",4629
"97",4674
"98",7629
"99",6535
"100",6698
"101",6704
"102",6075
"103",4174
"104",4089
"105",4187
"106",5397
"107",6110
"108",4663
"109",7730
"110",7168
"111",6642
"112",7016
"113",7074
"114",6737
"115",5759
"116",5825
"117",5832
"118",5623
"119",6033
"120",7683
"121",7736
"122",7079
"123",6733
"124",6115
"125",6431
"126",5047
"127",6282
"128",5596
"129",5663
"130",7406
"131",6594
"132",6702
"133",7553
"134",7019
"135",6617
"136",6139
"137",5776
"138",4945
"139",4775
"140",5080
"141",6189
"142",5917
"143",6105
"144",4852
"145",6587
"146",6239
"147",6064
"148",7345
"149",5281
"150",5160
"151",4718
"152",5589
"153",5457
"154",5846
"155",5309
"156",7559
"157",6861
"158",5669
"159",5298
"160",4917
"161",5367
"162",4905
"163",4413
"164",5178
"165",5424
"166",4391
"167",4012
"168",7366
"169",7355
"170",6132
"171",4722
"172",4432
"173",4750
"174",4260
"175",5291
"176",5567
"177",4882
"178",7203
"179",7072
"180",5881
"181",5909
"182",5266
"183",4289
"184",5731
"185",6460
"186",6258
"187",6799
"188",5647
"189",6863
"190",7469
"191",5306
"192",5890
"193",6899
"194",6598
"195",5569
"196",5735
"197",4183
"198",6800
"199",5797
"200",3767
"201",5227
"202",6403
"203",4612
"204",6187
"205",7500
"206",6937
"207",6859
"208",6415
"209",6269
"210",4199
"211",4173
"212",5248
"213",4680
"214",4244
"215",6631
"216",5375
"217",7271
"218",6022
"219",5630
"220",6900
"221",5498
"222",4739
"223",4743
"224",7564
"225",5458
"226",6795
"227",5208
"228",6800
"229",7296
"230",7204
"231",7660
"232",6137
"233",7416
"234",5604
"235",4729
"236",6246
"237",6104
"238",4538
"239",4765
"240",7096
"241",7159
"242",5666
"243",6471
"244",7489
"245",7523
"246",6324
"247",6173
"248",4209
"249",6361
"250",6573
"251",5770
"252",6342
"253",4972
"254",6225
"255",5449
"256",6807
"257",4902
"258",6170
"259",5666
"260",6941
"261",4724
"262",5083
"263",3414
"264",4976
"265",4278
"266",5164
"267",6683
"268",6941
"269",7047
"270",5225
"271",6535
"272",5149
"273",5223
"274",5325
"275",5165
"276",6646
"277",4710
"278",6030
"279",5842
"280",7189
"281",7018
"282",7029
"283",7031
"284",5633
"285",6509
"286",6103
"287",4839
"288",4263
"289",3609
"290",4887
"291",4350
"292",6176
"293",7111
"294",6701
"295",7169
"296",6533
"297",6998
"298",7278
"299",6176
"300",5775
"301",6346
"302",4559
"303",5564
"304",6556
"305",5708
"306",5905
"307",6056
"308",7969
"309",7329
"310",7881
"311",7189
"312",6323
"313",5488
"314",5970
"315",5930
"316",4622
"317",3813
"318",5370
"319",5238
"320",5722
"321",4973
"322",6157
"323",5940
"324",7473
"325",6664
"326",6313
"327",6528
"328",6035
"329",6441
"330",5580
"331",4791
"332",4730
"333",4993
"334",6282
"335",5747
"336",7723
"337",5957
"338",7010
"339",6568
"340",6709
"341",6777
"342",5552
"343",5769
"344",6486
"345",4930
"346",4870
"347",5624
"348",6939
"349",6521
"350",6745
"351",7870
"352",6300
"353",5959
"354",6034
"355",4929
"356",4414
"357",7870
"358",6234
"359",5389
"360",7350
"361",5718
"362",6479
"363",7125
"364",7477
"365",7455
"366",6140
"367",5575
"368",5665
"369",5591
"370",5570
"371",4190
"372",6457
"373",5671
"374",5847
"375",6208
"376",5972
"377",6490
"378",5486
"379",4958
"380",6228
"381",6391
"382",5716
"383",6005
"384",6342
"385",5455
"386",6047
"387",4824
"388",6391
"389",6431
"390",6322
"391",5301
"392",4741
"393",4700
"394",6088
"395",5982
"396",6467
"397",6403
"398",6381
"399",6515
"400",6218
"401",7067
"402",7235
"403",6330
"404",7330
"405",6707
"406",7054
"407",7382
"408",6991
"409",7077
"410",6044
"411",5937
"412",6042
"413",4910
"414",7415
"415",7023
"416",6492
"417",5642
"418",6864
"419",6864
"420",5541
"421",3382
"422",7117
"423",6627
"424",6490
"425",5701
"426",6905
"427",7406
"428",7021
"429",6014
"430",7659
"431",6702
"432",7795
"433",6358
"434",5374
"435",5613
"436",6671
"437",4895
"438",5773
"439",6940
"440",5636
"441",6785
"442",6514
"443",7324
"444",6857
"445",7471
"446",6364
"447",7076
"448",4730
"449",4749
"450",4899
"451",5171
"452",5165
"453",6729
"454",5667
"455",6430
"456",8033
"457",7905
"458",7642
"459",6201
"460",6045
"461",6190
"462",6198
"463",6430
"464",5366
"465",5609
"466",6706
"467",6874
"468",6938
"469",5585
"470",6895
"471",7686
"472",6894
"473",5257
"474",5636
"475",6827
"476",6392
"477",5211
"478",4708
"479",6772
"480",6671
"481",7997
"482",7861
"483",7687
"484",6150
"485",6041
"486",6104
"487",6706
"488",5793
"489",5658
"490",5392
"491",7407
"492",7319
"493",7343
"494",8107
"495",7583
"496",6759
"497",5864
"498",4772
"499",5322
"500",7895
"501",6970
"502",7300
"503",7460
"504",7300
"505",6944
"506",6610
"507",4904
"508",7433
"509",6409
"510",6323
"511",6866
"512",6712
"513",6894
"514",7286
"515",5710
"516",7658
"517",7893
"518",7596
"519",7334
"520",7404
"521",7160
"522",6901
"523",5606
"524",5307
"525",7408
"526",7097
"527",7973
"528",7795
"529",6233
"530",4937
"531",6724
"532",7418
"533",6978
"534",7987
"535",5362
"536",5943
"537",7658
"538",7360
"539",6238
"540",6111
"541",8465
"542",6343
"543",6361
"544",6768
"545",7964
"546",5844
"547",6096
"548",6061
"549",7864
"550",8604
"551",7985
"552",7309
"553",8015
"554",6844
"555",8325
"556",8668
"557",8329
"558",7916
"559",6080
"560",7330
"561",5745
"562",7413
"563",7417
"564",8805
"565",7546
"566",7515
"567",7489
"568",7164
"569",6238
"570",8637
"571",8708
"572",8038
"573",8011
"574",6513
"575",6563
"576",7104
"577",8370
"578",8155
"579",7705
"580",8126
"581",7034
"582",6417
"583",5514
"584",6615
"585",8381
"586",8147
"587",8267
"588",8343
"589",8249
"590",8279
"591",7319
"592",7049
"593",6293
"594",6681
"595",8244
"596",8286
"597",8307
"598",8375
"599",8610
"600",6838
"601",8283
"602",8184
"603",7011
"604",8428
"605",8445
"606",8633
"607",8465
"608",8256
"609",6842
"610",6367
"611",8475
"612",8401
"613",8704
"614",8801
"615",8585
"616",8319
"617",6942
"618",4843
"619",8230
"620",8619
"621",8706
"622",7923
"623",7446
"624",7685
"625",8364
"626",8595
"627",8621
"628",8517
"629",8519
"630",8092
"631",7523
"632",5241
"633",8670
"634",8670
"635",8598
"636",7098
"637",4122
"638",7715
"639",6924
"640",6164
"641",6859
"642",8272
"643",8336
"644",8634
"645",7300
"646",6458
"647",7976
"648",8265
"649",8562
"650",8355
"651",8123
"652",6714
"653",8601
"654",7922
"655",8008
"656",8211
"657",8670
"658",8483
"659",7786
"660",7076
"661",7048
"662",8167
"663",8211
"664",8487
"665",8395
"666",8500
"667",8263
"668",8020
"669",8577
"670",7736
"671",8314
"672",8158
"673",8347
"674",8363
"675",5326
"676",4234
"677",6821
"678",8023
"679",8054
"680",7770
"681",6348
"682",8287
"683",8154
"684",7910
"685",8126
"686",8182
"687",8125
"688",7898
"689",8032
"690",8394
"691",7378
"692",6343
"693",8282
"694",8349
"695",7839
"696",7861
"697",6445
"698",7056
"699",6064
"700",7909
"701",7826
"702",7941
"703",7497
"704",8084
"705",7889
"706",6540
"707",7262
"708",7278
"709",7058
"710",7962
"711",6911
"712",7495
"713",7072
"714",8222
"715",7339
"716",6868
"717",7575
"718",5852
"719",6412
"720",7983
"721",7312
"722",7118
"723",6074
"724",8441
"725",6156
"726",6434
"727",6811
"728",5784
"729",6634
"730",6815
"731",7836
"732",7714
"733",5679
"734",7445
"735",7998
"736",5840
"737",7054
"738",5166
"739",6482
"740",7866
"741",7458
"742",7100
"743",8556
"744",7394
"745",6523
"746",5459
"747",7984
"748",7453
"749",6168
"750",7720
"751",7873
"752",7750
"753",8429
"754",5063
"755",6318
"756",8229
"757",8165
"758",8358
"759",7591
"760",7570
"761",5329
"762",6331
"763",5097
"764",5646
"765",8610
"766",8352
"767",8161
"768",7569
"769",6842
"770",6259
"771",8406
"772",7588
"773",7490
"774",4874
"775",6662
"776",4348
"777",8350
"778",7405
"779",8567
"780",8360
"781",6490
"782",7645
"783",8290
"784",5772
"785",8455
"786",8437
"787",8226
"788",8292
"789",7528
"790",6312
"791",6242
"792",7896
"793",6028
"794",6813
"795",6738
"796",7746
"797",7843
"798",8206
"799",8428
"800",8079
"801",7345
"802",7511
"803",8679
"804",7792
"805",8384
"806",8348
"807",5302
"808",7100
"809",8007
"810",7904
"811",5835
"812",6075
"813",8539
"814",8146
"815",7943
"816",7135
"817",7457
"818",7735
"819",8016
"820",8110
"821",4827
"822",6334
"823",8550
"824",8452
"825",8452
"826",7400
"827",8047
"828",8431
"829",7558
"830",7559
"831",7131
"832",7741
"833",7611
"834",6527
"835",8125
"836",8169
"837",8181
"838",8172
"839",7709
"840",6781
"841",6206
"842",8739
"843",8561
"844",7655
"845",7465
"846",6915
"847",6948
"848",6260
"849",7217
"850",8796
"851",8490
"852",8469
"853",8291
"854",7787
"855",7464
"856",6947
"857",8547
"858",8116
"859",7978
"860",7234
"861",6610
"862",5004
"863",7839
"864",8554
"865",8832
"866",8657
"867",8463
"868",7482
"869",7146
"870",7696
"871",8211
"872",8869
"873",8812
"874",8532
"875",8114
"876",7300
"877",7969
"878",5535
"879",8497
"880",7807
"881",7878
"882",7207
"883",5760
"884",8854
"885",8691
"886",8633
"887",8520
"888",7802
"889",7627
"890",7371
"891",7133
"892",6396
"893",7275
"894",7605
"895",8813
"896",8882
"897",7157
"898",8917
"899",8750
"900",7338
"901",6761
"902",6223
"903",6353
"904",8494
"905",8505
"906",8757
"907",8528
"908",8268
"909",8392
"910",6819
"911",6290
"912",6581
"913",5176
"914",8818
"915",8724
"916",5995
"917",8914
"918",8659
"919",8617
"920",5405
"921",5344
"922",5551
"923",8722
"924",8520
"925",7407
"926",8858
"927",8770
"928",8424
"929",8259
"930",7975
"931",7492
"932",8431
"933",6061
"934",8504
"935",5519
"936",6715
"937",5211
"938",7258
"939",6179
"940",7080
"941",7250
"942",8718
"943",7377
"944",7414
"945",6919
"946",8799
"947",7927
"948",6903
"949",5688
"950",8760
"951",8495
"952",5956
"953",8690
"954",7740
"955",7665
"956",7837
"957",8541
"958",8340
"959",6655
"960",5170
"961",8736
"962",8542
"963",8291
"964",8509
"965",8857
"966",8616
"967",8605
"968",8519
"969",6358
"970",6189
"971",8386
"972",8228
"973",8687
"974",8344
"975",8419
"976",8393
"977",8450
"978",8362
"979",7799
"980",7735
"981",7117
"982",8021
"983",6286
"984",8031
"985",8279
"986",7920
"987",8276
"988",7690
"989",7209
"990",6784
"991",5766
"992",8159
"993",8173
"994",7050
"995",7320
"996",8341
"997",8477
"998",7999
"999",7727
"1000",8028
"1001",7752
"1002",7142
"1003",5444
"1004",6548
"1005",NA
"1006",8346
"1007",8122
"1008",8224
"1009",7696
"1010",7219
"1011",6551
"1012",6661
"1013",8143
"1014",7485
"1015",7190
"1016",6882
"1017",8288
"1018",6273
"1019",6291
"1020",NA
"1021",7019
"1022",7580
"1023",7571
"1024",7071
"1025",6482
"1026",7566
"1027",7519
"1028",6863
"1029",7267
"1030",5777
"1031",6456
"1032",6437
"1033",7572
"1034",7150
"1035",6589
"1036",7012
"1037",6529
"1038",6788
"1039",6468
"1040",7132
"1041",7194
"1042",7676
"1043",7523
"1044",7890
"1045",7236
"1046",NA
"1047",7824
"1048",7500
"1049",6587
"1050",6724
"1051",6775
"1052",7008
"1053",7151
"1054",8204
"1055",6623
"1056",7220
"1057",7665
"1058",7734
"1059",7358
"1060",7110
"1061",7925
"1062",8067
"1063",7449
"1064",7190
"1065",6818
"1066",6407
"1067",7031
"1068",7264
"1069",8246
"1070",8216
"1071",7736
"1072",8015
"1073",6147
"1074",6752
"1075",7962
"1076",8303
"1077",8213
"1078",8429
"1079",8511
"1080",8060
"1081",6990
"1082",6998
"1083",7420
"1084",5986
"1085",7981
"1086",7725
"1087",6953
"1088",6788
"1089",7477
"1090",6893
"1091",6678
"1092",5364
"1093",7728
"1094",8048
"1095",7882
"1096",5897
"1097",7736
"1098",7262
"1099",7302
"1100",7387
"1101",7278
"1102",8056
"1103",7805
"1104",6790
"1105",7723
"1106",7522
"1107",7113
"1108",7070
"1109",7322
"1110",7591
"1111",7294
"1112",7999
"1113",6709
"1114",7290
"1115",7632
"1116",7602
"1117",7598
"1118",6281
"1119",7765
"1120",7911
"1121",6455
"1122",7530
"1123",6783
"1124",6770
"1125",7136
"1126",6855
"1127",7451
"1128",7755
"1129",7192
"1130",6848
"1131",7733
"1132",7944
"1133",7477
"1134",7138
"1135",7128
"1136",7664
"1137",8445
"1138",8342
"1139",7837
"1140",8007
"1141",7890
"1142",7667
"1143",7399
"1144",8310
"1145",6747
"1146",7224
"1147",6858
"1148",7878
"1149",7511
"1150",7675
"1151",8369
"1152",7601
"1153",8353
"1154",8050
"1155",6875
"1156",7855
"1157",8294
"1158",7808
"1159",7932
"1160",7360
"1161",7333
"1162",7606
"1163",8618
"1164",7431
"1165",7959
"1166",7663
"1167",7394
"1168",7804
"1169",8213
"1170",7822
"1171",7907
"1172",6777
"1173",7717
"1174",7823
"1175",7672
"1176",8073
"1177",7988
"1178",8506
"1179",8558
"1180",7761
"1181",6712
"1182",7855
"1183",8037
"1184",6612
"1185",8233
"1186",7439
"1187",7560
"1188",8115
"1189",8069
"1190",7333
"1191",7293
"1192",7488
"1193",7746
"1194",6997
"1195",7647
"1196",7400
"1197",7762
"1198",6882
"1199",7270
"1200",7641
"1201",5841
"1202",7317
"1203",7215
"1204",7136
"1205",7031
"1206",6594
"1207",6856
"1208",5968
"1209",6351
"1210",6975
"1211",7220
"1212",7746
"1213",7580
"1214",7431
"1215",7034
"1216",8008
"1217",6906
"1218",7121
"1219",8015
"1220",7225
"1221",6419
"1222",6436
"1223",7427
"1224",6910
"1225",6996
"1226",7693
"1227",7435
"1228",7326
"1229",7648
"1230",7876
"1231",7611
"1232",7391
"1233",6067
"1234",7068
"1235",7249
"1236",7057
"1237",7417
"1238",7473
"1239",7746
"1240",6938
"1241",7310
"1242",7494
"1243",6770
"1244",6829
"1245",7785
"1246",7002
"1247",7385
"1248",7150
"1249",5651
"1250",5924
"1251",7303
"1252",7891
"1253",7892
"1254",7239
"1255",6123
"1256",7172
"1257",7514
"1258",7249
"1259",6462
"1260",6766
"1261",6178
"1262",6954
"1263",7018
"1264",6845
"1265",7728
"1266",6404
"1267",7598
"1268",6841
"1269",8085
"1270",7424
"1271",6997
"1272",6851
"1273",7674
"1274",7380
"1275",7345
"1276",7770
"1277",7441
"1278",7867
"1279",7243
"1280",6675
"1281",6775
"1282",6074
"1283",7468
"1284",6488
"1285",6647
"1286",7415
"1287",7403
"1288",7780
"1289",6052
"1290",6912
"1291",5697
"1292",6739
"1293",7947
"1294",6364
"1295",5532
"1296",6655
"1297",6991
"1298",7064
"1299",7485
"1300",7471
"1301",6570
"1302",6180
"1303",7050
"1304",6263
"1305",7235
"1306",6044
"1307",6979
"1308",5872
"1309",6512
"1310",6769
"1311",6828
"1312",5493
"1313",6037
"1314",5709
"1315",5462
"1316",7365
"1317",5916
"1318",6533
"1319",7313
"1320",7079
"1321",6028
"1322",7359
"1323",5358
"1324",4607
"1325",6714
"1326",7297
"1327",6800
"1328",6718
"1329",7099
"1330",7246
"1331",6681
"1332",5906
"1333",7255
"1334",7046
"1335",7029
"1336",6204
"1337",7094
"1338",7047
"1339",7059
"1340",6013
"1341",6849
"1342",6967
"1343",5934
"1344",4706
"1345",7589
"1346",7768
"1347",6759
"1348",6797
"1349",7316
"1350",7755
"1351",7628
"1352",7034
"1353",6047
"1354",7317
"1355",6948
"1356",5725
"1357",6637
"1358",7124
"1359",7350
"1360",6228
"1361",6513
"1362",7083
"1363",7474
"1364",6690
"1365",6559
"1366",6269
"1367",7528
"1368",6638
"1369",7319
"1370",7632
"1371",7195
"1372",7598
"1373",6990
"1374",7391
"1375",6470
"1376",6889
"1377",7768
"1378",7430
"1379",7675
"1380",7162
"1381",7608
"1382",7528
"1383",6517
"1384",7881
"1385",7403
"1386",7228
"1387",6859
"1388",6577
"1389",7276
"1390",7694
"1391",8031
"1392",7572
"1393",7012
"1394",7282
"1395",6153
"1396",7389
"1397",7478
"1398",7056
"1399",7294
"1400",7483
"1401",6586
"1402",7886
"1403",8168
"1404",7715
"1405",8094
"1406",8004
"1407",7799
"1408",5912
"1409",6654
"1410",6146
"1411",7539
"1412",7301
"1413",7664
"1414",6732
"1415",7612
"1416",7614
"1417",8118
"1418",7209
"1419",6870
"1420",7214
"1421",7890
"1422",7424
"1423",7153
"1424",7610
"1425",7300
"1426",7639
"1427",7303
"1428",6400
"1429",7359
"1430",6474
"1431",7437
"1432",7403
"1433",5795
"1434",5564
"1435",6877
"1436",6693
"1437",6898
"1438",7294
"1439",7332
"1440",7541
"1441",7659
"1442",7219
"1443",7161
"1444",7389
"1445",7490
"1446",7747
"1447",6088
"1448",7187
"1449",6657
"1450",7196
"1451",7261
"1452",7037
"1453",7540
"1454",7657
"1455",7388
"1456",8117
"1457",7520
"1458",7474
"1459",6502
"1460",7246
"1461",5711
"1462",7089
"1463",7396
"1464",6717
"1465",7046
"1466",7768
"1467",6934
"1468",7661
"1469",7768
"1470",7842
"1471",7661
"1472",7496
"1473",6555
"1474",6191
"1475",6518
"1476",6702
"1477",7187
"1478",6518
"1479",7371
"1480",5686
"1481",7070
"1482",7512
"1483",6820
"1484",7609
"1485",6688
"1486",7571
"1487",6194
"1488",7800
"1489",6774
"1490",7659
"1491",7351
"1492",6098
"1493",7375
"1494",5837
"1495",7105
"1496",6904
"1497",6245
"1498",7419
"1499",6518
"1500",7013
"1501",6263
"1502",6528
"1503",6628
"1504",7523
"1505",6347
"1506",7174
"1507",6993
"1508",7718
"1509",6228
"1510",7718
"1511",7456
"1512",7476
"1513",7206
"1514",6705
"1515",6170
"1516",6943
"1517",7274
"1518",7456
"1519",6780
"1520",7352
"1521",6920
"1522",7139
"1523",6988
"1524",6869
"1525",7228
"1526",7842
"1527",7612
"1528",7123
"1529",7897
"1530",7684
"1531",7646
"1532",7672
"1533",7897
"1534",6424
"1535",6942
"1536",7103
"1537",6622
"1538",7718
"1539",6890
"1540",7106
"1541",7419
"1542",7026
"1543",7178
"1544",7489
"1545",6791
"1546",7819
"1547",7862
"1548",7491
"1549",7684
"1550",7777
"1551",6677
"1552",5934
"1553",6203
"1554",6548
"1555",6948
"1556",6448
"1557",7840
"1558",7556
"1559",8101
"1560",7456
"1561",7381
"1562",6939
"1563",6690
"1564",7703
"1565",7421
"1566",7285
"1567",7185
"1568",6342
"1569",6935
"1570",7374
"1571",7433
"1572",7751
"1573",7328
"1574",7695
"1575",7328
"1576",7678
"1577",7566
"1578",7120
"1579",7436
"1580",7698
"1581",8292
"1582",7837
"1583",7860
"1584",7708
"1585",6997
"1586",7662
"1587",7391
"1588",7764
"1589",6939
"1590",7275
"1591",6509
"1592",7729
"1593",8191
"1594",7307
"1595",7758
"1596",7006
"1597",6871
"1598",7671
"1599",7820
"1600",8351
"1601",7676
"1602",8025
"1603",7729
"1604",7090
"1605",7803
"1606",7605
"1607",7827
"1608",6446
"1609",7787
"1610",6752
"1611",7479
"1612",7921
"1613",6205
"1614",7382
"1615",7617
"1616",7688
"1617",7624
"1618",7383
"1619",5936
"1620",6469
"1621",8371
"1622",7528
"1623",7441
"1624",6961
"1625",7593
"1626",6850
"1627",3977
"1628",6989
"1629",7022
"1630",7372
"1631",7565
"1632",7561
"1633",6230
"1634",5979
"1635",7782
"1636",7599
"1637",7932
"1638",6804
"1639",6071
"1640",6325
"1641",7341
"1642",7572
"1643",6819
"1644",7279
"1645",7412
"1646",6940
"1647",7152
"1648",7779
"1649",7215
"1650",7931
"1651",7360
"1652",7689
"1653",6813
"1654",7010
"1655",7044
"1656",7440
"1657",6363
"1658",7144
"1659",7434
"1660",7046
"1661",6030
"1662",7366
"1663",6840
"1664",7072
"1665",8128
"1666",8172
"1667",6779
"1668",7552
"1669",6778
"1670",6525
"1671",6510
"1672",7286
"1673",6456
"1674",7371
"1675",7758
"1676",7755
"1677",7204
"1678",6585
"1679",7286
"1680",7231
"1681",7040
"1682",6497
"1683",8019
"1684",7614
"1685",7900
"1686",7428
"1687",7470
"1688",7266
"1689",7566
"1690",7929
"1691",7862
"1692",7816
"1693",7707
"1694",7386
"1695",8158
"1696",7040
"1697",7988
"1698",7749
"1699",7547
"1700",8227
"1701",7735
"1702",7652
"1703",7870
"1704",7799
"1705",6788
"1706",6834
"1707",7794
"1708",7221
"1709",7910
"1710",7742
"1711",8100
"1712",8049
"1713",6355
"1714",7913
"1715",6787
"1716",7272
"1717",7204
"1718",7285
"1719",7006
"1720",6485
"1721",7918
"1722",7599
"1723",7879
"1724",7883
"1725",7700
"1726",7669
"1727",7895
"1728",7137
"1729",7298
"1730",6996
"1731",6758
"1732",6875
"1733",7349
"1734",7116
"1735",7260
"1736",7291
"1737",6034
"1738",7226
"1739",8015
"1740",8060
"1741",7756
"1742",7335
"1743",8096
"1744",7649
"1745",7760
"1746",7423
"1747",7083
"1748",7242
"1749",7938
"1750",6670
"1751",7367
"1752",5457
"1753",6331
"1754",7566
"1755",6090
"1756",7145
"1757",7100
"1758",6872
"1759",6042
"1760",7612
"1761",6822
"1762",3343
"1763",5896
"1764",7877
"1765",7599
"1766",6448
"1767",7836
"1768",7549
"1769",7837
"1770",7572
"1771",8023
"1772",7616
"1773",7475
"1774",7216
"1775",7572
"1776",7466
"1777",7861
"1778",6908
"1779",7044
"1780",7440
"1781",7188
"1782",6987
"1783",7044
"1784",7440
"1785",7090
"1786",7378
"1787",7543
"1788",6902
"1789",7755
"1790",7010
"1791",7448
"1792",6704
"1793",6817
"1794",7742
"1795",7317
"1796",7443
"1797",7058
"1798",7125
"1799",6375
"1800",7266
"1801",5512
"1802",7901
"1803",7461
"1804",7211
"1805",7772
"1806",7588
"1807",7207
"1808",7430
"1809",7393
"1810",7598
"1811",7431
"1812",7556
"1813",7226
"1814",8243
"1815",7775
"1816",7774
"1817",7720
"1818",7458
"1819",7208
"1820",7551
"1821",7445
"1822",7445
"1823",7680
"1824",6920
"1825",6569
"1826",7668
"1827",5187
"1828",7466
"1829",7361
"1830",7519
"1831",6555
"1832",7493
"1833",7597
"1834",7223
"1835",7608
"1836",7411
"1837",7336
"1838",7452
"1839",7750
"1840",7072
"1841",7658
"1842",7573
"1843",6927
"1844",7591
"1845",7128
"1846",6451
"1847",7536
"1848",7785
"1849",7586
"1850",7815
"1851",7742
"1852",7360
"1853",6172
"1854",6843
"1855",7409
"1856",6517
"1857",7040
"1858",7853
"1859",6159
"1860",7429
"1861",7309
"1862",7952
"1863",7952
"1864",7560
"1865",7462
"1866",6542
"1867",7558
"1868",6941
"1869",6879
"1870",7505
"1871",7671
"1872",6231
"1873",7850
"1874",7234
"1875",4390
"1876",7516
"1877",7506
"1878",5838
"1879",7927
"1880",6533
"1881",7051
"1882",7506
"1883",7302
"1884",7450
"1885",7443
"1886",7164
"1887",7272
"1888",7315
"1889",6861
"1890",7736
"1891",7799
"1892",7879
"1893",7898
"1894",7781
"1895",7347
"1896",7318
"1897",7739
"1898",7079
"1899",4950
"1900",7458
"1901",7684
"1902",7018
"1903",7484
"1904",7497
"1905",7626
"1906",7297
"1907",7220
"1908",7429
"1909",7282
"1910",7564
"1911",7672
"1912",7163
"1913",7533
"1914",7169
"1915",4177
"1916",7075
"1917",7429
"1918",7647
"1919",7141
"1920",7578
"1921",6801
"1922",6235
"1923",6482
"1924",7098
"1925",7179
"1926",7704
"1927",6892
"1928",7099
"1929",6720
"1930",7296
"1931",5903
"1932",6211
"1933",7174
"1934",4683
"1935",4807
"1936",4516
"1937",7219
"1938",7017
"1939",7048
"1940",7223
"1941",7267
"1942",6932
"1943",7336
"1944",8065
"1945",6631
"1946",7716
"1947",6564
"1948",5898
"1949",7062
"1950",7286
"1951",5763
"1952",7764
"1953",7594
"1954",7763
"1955",7252
"1956",7503
"1957",7705
"1958",5554
"1959",7274
"1960",7292
"1961",6861
"1962",7178
"1963",7659
"1964",7708
"1965",7238
"1966",6010
"1967",5862
"1968",5198
"1969",6337
"1970",7535
"1971",7217
"1972",7008
"1973",7205
"1974",6215
"1975",6887
"1976",5786
"1977",7289
"1978",7782
"1979",7083
"1980",7422
"1981",7285
"1982",7771
"1983",6367
"1984",7099
"1985",7323
"1986",5777
"1987",5286
"1988",6869
"1989",5964
"1990",5188
"1991",6007
"1992",6186
"1993",5410
"1994",7334
"1995",4790
"1996",6349
"1997",7825
"1998",4430
"1999",6838
"2000",7358
"2001",7645
"2002",7873
"2003",6398
"2004",5291
"2005",6810
"2006",7304
"2007",6503
"2008",6095
"2009",6429
"2010",4897
"2011",5872
"2012",6144
"2013",5863
"2014",7123
"2015",6389
"2016",6858
"2017",6172
"2018",6032
"2019",7911
"2020",5906
"2021",6069
"2022",6017
"2023",5938
"2024",5998
"2025",5289
"2026",6344
"2027",5986
"2028",3286
"2029",4733
"2030",6453
"2031",6453
"2032",6478
"2033",7304
"2034",6354
"2035",5492
"2036",7779
"2037",5492
"2038",4372
"2039",7042
"2040",7364
"2041",6392
"2042",7768
"2043",6828
"2044",6317
"2045",4532
"2046",6150
"2047",6099
"2048",6233
"2049",5788
"2050",5758
"2051",4786
"2052",4585
"2053",6360
"2054",6245
"2055",5402
"2056",7179
"2057",6253
"2058",7045
"2059",6316
"2060",6880
"2061",7441
"2062",7440
"2063",6713
"2064",6676
"2065",6670
"2066",6083
"2067",7441
"2068",7581
"2069",5150
"2070",7062
"2071",6928
"2072",5671
"2073",6098
"2074",6027
"2075",5907
"2076",5970
"2077",6785
"2078",6137
"2079",6105
"2080",6226
"2081",5652
"2082",4542
"2083",6641
"2084",6177
"2085",5436
"2086",6530
"2087",6132
"2088",6247
"2089",5715
"2090",7095
"2091",5329
"2092",5941
"2093",7477
"2094",7054
"2095",5737
"2096",5857
"2097",5857
"2098",5672
"2099",5903
"2100",5439
"2101",5439
"2102",6738
"2103",6451
"2104",6791
"2105",6575
"2106",6442
"2107",5656
"2108",6154
"2109",7042
"2110",4431
"2111",5462
"2112",5488
"2113",6325
"2114",6842
"2115",5822
"2116",6073
"2117",7639
"2118",5597
"2119",5588
"2120",7413
"2121",6772
"2122",6005
"2123",6536
"2124",6648
"2125",6648
"2126",7276
"2127",5677
"2128",6559
"2129",5588
"2130",5991
"2131",6283
"2132",4966
"2133",4672
"2134",5754
"2135",6360
"2136",6792
"2137",5596
"2138",6452
"2139",5991
"2140",5253
"2141",6801
"2142",6513
"2143",6768
"2144",6478
"2145",4130
"2146",6445
"2147",6333
"2148",6896
"2149",7379
"2150",6128
"2151",5607
"2152",7091
"2153",5839
"2154",7889
"2155",7468
"2156",5979
"2157",5887
"2158",6901
"2159",5901
"2160",6835
"2161",6989
"2162",4217
"2163",6373
"2164",5826
"2165",6060
"2166",7093
"2167",6472
"2168",6741
"2169",6561
"2170",7074
"2171",5886
"2172",6677
"2173",5945
"2174",6317
"2175",6871
"2176",7197
"2177",7172
"2178",6987
"2179",6881
"2180",6934
"2181",5607
"2182",7522
"2183",5884
"2184",6851
"2185",6020
"2186",6320
"2187",6867
"2188",5590
"2189",5590
"2190",6687
"2191",6177
"2192",7372
"2193",6317
"2194",6543
"2195",7408
"2196",5281
"2197",6813
"2198",5868
"2199",6852
"2200",7329
"2201",6691
"2202",7242
"2203",7011
"2204",6292
"2205",6743
"2206",5548
"2207",5849
"2208",5711
"2209",6743
"2210",7299
"2211",6830
"2212",5614
"2213",7254
"2214",7030
"2215",7335
"2216",6066
"2217",4113
"2218",6511
"2219",6736
"2220",6308
"2221",7169
"2222",7176
"2223",7437
"2224",7030
"2225",7239
"2226",5454
"2227",5791
"2228",6700
"2229",6615
"2230",6669
"2231",6933
"2232",5257
"2233",6810
"2234",6124
"2235",6122
"2236",7276
"2237",6929
"2238",7232
"2239",6676
"2240",6618
"2241",6727
"2242",6492
"2243",6162
"2244",6930
"2245",5244
"2246",6681
"2247",3551
"2248",7143
"2249",7301
"2250",7236
"2251",7110
"2252",8074
"2253",7206
"2254",6395
"2255",6739
"2256",4333
"2257",7101
"2258",7350
"2259",5377
"2260",7029
"2261",7525
"2262",7819
"2263",6616
"2264",7521
"2265",6648
"2266",6603
"2267",7161
"2268",6927
"2269",7721
"2270",7493
"2271",7814
"2272",7937
"2273",6506
"2274",4833
"2275",6024
"2276",5923
"2277",7023
"2278",6746
"2279",7492
"2280",7023
"2281",7400
"2282",6443
"2283",7337
"2284",7721
"2285",7185
"2286",7211
"2287",7450
"2288",6999
"2289",5919
"2290",6226
"2291",7334
"2292",7649
"2293",8062
"2294",7515
"2295",6840
"2296",4248
"2297",6699
"2298",5773
"2299",6915
"2300",7198
"2301",7328
"2302",7720
"2303",7976
"2304",7641
"2305",7598
"2306",7500
"2307",6726
"2308",7156
"2309",7955
"2310",7497
"2311",6774
"2312",5429
"2313",6451
"2314",6486
"2315",7782
"2316",4836
"2317",6739
"2318",5556
"2319",6739
"2320",7399
"2321",7637
"2322",7201
"2323",6729
"2324",6887
"2325",7661
"2326",7520
"2327",7357
"2328",6780
"2329",7572
"2330",6490
"2331",6335
"2332",6202
"2333",7096
"2334",6397
"2335",7055
"2336",7756
"2337",7130
"2338",7774
"2339",7478
"2340",6796
"2341",6906
"2342",6858
"2343",5720
"2344",6986
"2345",6667
"2346",6139
"2347",7437
"2348",6715
"2349",7404
"2350",6785
"2351",7830
"2352",6929
"2353",6793
"2354",7468
"2355",6765
"2356",7163
"2357",7467
"2358",6213
"2359",5496
"2360",6847
"2361",7034
"2362",6967
"2363",7125
"2364",7192
"2365",6765
"2366",6139
"2367",6444
"2368",6073
"2369",6965
"2370",5350
"2371",5572
"2372",6740
"2373",6740
"2374",6182
"2375",6868
"2376",6444
"2377",7402
"2378",6820
"2379",6664
"2380",6939
"2381",7641
"2382",7394
"2383",7662
"2384",6811
"2385",7598
"2386",7827
"2387",6629
"2388",6689
"2389",5981
"2390",6836
"2391",7342
"2392",6744
"2393",7791
"2394",7830
"2395",7856
"2396",7745
"2397",7048
"2398",7589
"2399",6682
"2400",6435
"2401",6363
"2402",7265
"2403",6790
"2404",7225
"2405",7492
"2406",7656
"2407",8020
"2408",7649
"2409",5862
"2410",6559
"2411",7432
"2412",6621
"2413",6271
"2414",4907
"2415",6469
"2416",6558
"2417",7832
"2418",6448
"2419",7028
"2420",6969
"2421",6699
"2422",7265
"2423",7502
"2424",7792
"2425",7850
"2426",7484
"2427",7394
"2428",7463
"2429",6330
"2430",6782
"2431",6233
"2432",6612
"2433",7774
"2434",7699
"2435",7626
"2436",7133
"2437",5008
"2438",7600
"2439",8072
"2440",7335
"2441",7157
"2442",6947
"2443",6374
"2444",6750
"2445",7922
"2446",7083
"2447",7613
"2448",7005
"2449",7710
"2450",7795
"2451",7824
"2452",7583
"2453",7444
"2454",7916
"2455",6415
"2456",7984
"2457",7232
"2458",6661
"2459",7093
"2460",7587
"2461",7496
"2462",5925
"2463",7860
"2464",6226
"2465",7485
"2466",7686
"2467",7014
"2468",7005
"2469",7333
"2470",7961
"2471",7843
"2472",7816
"2473",7317
"2474",7395
"2475",6629
"2476",6494
"2477",5029
"2478",7772
"2479",5567
"2480",7141
"2481",6745
"2482",6843
"2483",6744
"2484",7178
"2485",5789
"2486",6887
"2487",6358
"2488",5659
"2489",6990
"2490",7296
"2491",7266
"2492",7157
"2493",5874
"2494",7225
"2495",7201
"2496",7100
"2497",7755
"2498",7892
"2499",7862
"2500",7820
"2501",7555
"2502",7107
"2503",6825
"2504",7351
"2505",7705
"2506",7091
"2507",5280
"2508",6585
"2509",6824
"2510",7212
"2511",7234
"2512",7234
"2513",7212
"2514",5522
"2515",7678
"2516",7380
"2517",6570
"2518",7399
"2519",7706
"2520",7752
"2521",7580
"2522",6507
"2523",7050
"2524",7163
"2525",6552
"2526",6211
"2527",6995
"2528",6891
"2529",7709
"2530",7756
"2531",6509
"2532",7227
"2533",6422
"2534",7331
"2535",7056
"2536",7376
"2537",7122
"2538",7452
"2539",7837
"2540",7405
"2541",7602
"2542",5365
"2543",7560
"2544",7560
"2545",6563
"2546",7379
"2547",7816
"2548",7677
"2549",6870
"2550",6978
"2551",7106
"2552",7213
"2553",6804
"2554",7220
"2555",6391
"2556",6613
"2557",6325
"2558",5420
"2559",7740
"2560",7028
"2561",7813
"2562",7241
"2563",7833
"2564",6749
"2565",7595
"2566",7426
"2567",7783
"2568",7694
"2569",7755
"2570",7689
"2571",7919
"2572",7977
"2573",7830
"2574",7569
"2575",7485
"2576",6522
"2577",7257
"2578",7758
"2579",7660
"2580",7500
"2581",6001
"2582",7580
"2583",7783
"2584",7362
"2585",7293
"2586",6145
"2587",7399
"2588",7429
"2589",6796
"2590",7760
"2591",7740
"2592",7741
"2593",7843
"2594",7401
"2595",7624
"2596",6506
"2597",7590
"2598",7440
"2599",6635
"2600",7503
"2601",7991
"2602",7407
"2603",7910
"2604",7796
"2605",7585
"2606",6288
"2607",6909
"2608",7977
"2609",7590
"2610",7587
"2611",7469
"2612",7760
"2613",7094
"2614",7754
"2615",7889
"2616",7516
"2617",7721
"2618",7727
"2619",7408
"2620",7345
"2621",7628
"2622",7829
"2623",7240
"2624",7151
"2625",7326
"2626",7655
"2627",6675
"2628",7677
"2629",7816
"2630",7125
"2631",7433
"2632",7556
"2633",5231
"2634",7878
"2635",7436
"2636",7338
"2637",7451
"2638",7809
"2639",7682
"2640",6985
"2641",7943
"2642",7412
"2643",7893
"2644",7192
"2645",7687
"2646",7576
"2647",7399
"2648",8072
"2649",7628
"2650",7729
"2651",8088
"2652",7495
"2653",8073
"2654",7374
"2655",7713
"2656",7535
"2657",7292
"2658",7566
"2659",7314
"2660",7682
"2661",7516
"2662",7904
"2663",7106
"2664",7684
"2665",6868
"2666",7555
"2667",6927
"2668",6644
"2669",7562
"2670",7696
"2671",8017
"2672",6261
"2673",6597
"2674",7537
"2675",7558
"2676",7584
"2677",7254
"2678",7376
"2679",7925
"2680",7601
"2681",7332
"2682",6802
"2683",7936
"2684",7703
"2685",7706
"2686",7659
"2687",7395
"2688",7314
"2689",7035
"2690",7497
"2691",6782
"2692",7701
"2693",7702
"2694",6833
"2695",7056
"2696",7744
"2697",7148
"2698",7329
"2699",7446
"2700",7521
"2701",6989
"2702",7873
"2703",7363
"2704",7285
"2705",7575
"2706",6610
"2707",6285
"2708",7591
"2709",7332
"2710",6164
"2711",7408
"2712",7784
"2713",7069
"2714",7831
"2715",7388
"2716",7719
"2717",7655
"2718",7799
"2719",8095
"2720",6953
"2721",7536
"2722",7689
"2723",7560
"2724",7274
"2725",7576
"2726",7847
"2727",7720
"2728",7689
"2729",7868
"2730",7846
"2731",7643
"2732",7748
"2733",7526
"2734",7130
"2735",8211
"2736",7551
"2737",7782
"2738",7483
"2739",7101
"2740",8153
"2741",7540
"2742",7853
"2743",7250
"2744",7566
"2745",7495
"2746",6944
"2747",7632
"2748",7662
"2749",7761
"2750",7869
"2751",7460
"2752",7816
"2753",7927
"2754",7652
"2755",7421
"2756",7706
"2757",6097
"2758",7904
"2759",7222
"2760",7476
"2761",7970
"2762",7748
"2763",7790
"2764",7714
"2765",7671
"2766",7701
"2767",7778
"2768",7514
"2769",7863
"2770",7925
"2771",7484
"2772",7953
"2773",7595
"2774",7226
"2775",7794
"2776",7786
"2777",7047
"2778",7623
"2779",7612
"2780",7700
"2781",7933
"2782",6337
"2783",6406
"2784",6889
"2785",7989
"2786",8278
"2787",7738
"2788",7628
"2789",8027
"2790",7966
"2791",7518
"2792",7771
"2793",7897
"2794",7638
"2795",7807
"2796",7857
"2797",7312
"2798",7844
"2799",7683
"2800",7710
"2801",7457
"2802",7261
"2803",7226
"2804",7562
"2805",7348
"2806",7331
"2807",6806
"2808",7568
"2809",7427
"2810",7476
"2811",7465
"2812",7400
"2813",7608
"2814",8079
"2815",7682
"2816",7486
"2817",7856
"2818",7864
"2819",7873
"2820",7644
"2821",7816
"2822",8082
"2823",5756
"2824",7043
"2825",6707
"2826",7043
"2827",7294
"2828",6724
"2829",7352
"2830",7554
"2831",7484
"2832",7638
"2833",6563
"2834",7463
"2835",7601
"2836",8173
"2837",7854
"2838",8006
"2839",7536
"2840",7473
"2841",7834
"2842",7777
"2843",7441
"2844",7054
"2845",6656
"2846",7532
"2847",7949
"2848",6752
"2849",7382
"2850",7705
"2851",7291
"2852",7544
"2853",8057
"2854",7199
"2855",7647
"2856",7751
"2857",7650
"2858",7516
"2859",6985
"2860",5866
"2861",7477
"2862",7498
"2863",7428
"2864",7930
"2865",7769
"2866",7935
"2867",7791
"2868",7139
"2869",7168
"2870",7379
"2871",7518
"2872",6355
"2873",7079
"2874",7872
"2875",7653
"2876",7570
"2877",7488
"2878",7793
"2879",7820
"2880",7667
"2881",7317
"2882",7236
"2883",6921
"2884",7597
"2885",7636
"2886",7011
"2887",6882
"2888",7443
"2889",7808
"2890",7530
"2891",7719
"2892",7129
"2893",7513
"2894",6681
"2895",7537
"2896",7681
"2897",7801
"2898",8010
"2899",8060
"2900",7628
"2901",7568
"2902",7756
"2903",7279
"2904",7551
"2905",7986
"2906",6974
"2907",7785
"2908",7685
"2909",7309
"2910",7330
"2911",7599
"2912",7341
"2913",6291
"2914",7004
"2915",7666
"2916",7415
"2917",7205
"2918",7828
"2919",7771
"2920",7313
"2921",7826
"2922",7600
"2923",7497
"2924",7565
"2925",7912
"2926",7773
"2927",7534
"2928",7602
"2929",7642
"2930",7546
"2931",7791
"2932",7559
"2933",6604
"2934",7154
"2935",7368
"2936",7785
"2937",6554
"2938",7519
"2939",7407
"2940",7563
"2941",7965
"2942",7842
"2943",7815
"2944",7372
"2945",7805
"2946",7998
"2947",7723
"2948",7672
"2949",7371
"2950",7975
"2951",7822
"2952",7696
"2953",7522
"2954",7482
"2955",7605
"2956",7096
"2957",7657
"2958",6264
"2959",6880
"2960",7355
"2961",7118
"2962",7441
"2963",7700
"2964",7774
"2965",7760
"2966",7897
"2967",7559
"2968",7881
"2969",7577
"2970",7199
"2971",7405
"2972",7774
"2973",7893
"2974",7703
"2975",7813
"2976",7718
"2977",7055
"2978",7895
"2979",6571
"2980",7270
"2981",7407
"2982",7199
"2983",7021
"2984",7982
"2985",7352
"2986",7195
"2987",7369
"2988",6806
"2989",7734
"2990",7609
"2991",7550
"2992",7850
"2993",7799
"2994",7788
"2995",7947
"2996",7833
"2997",7147
"2998",7960
"2999",7730
"3000",7859
"3001",7806
"3002",7693
"3003",7966
"3004",7984
"3005",7874
"3006",7737
"3007",7329
"3008",7479
"3009",7142
"3010",7367
"3011",7864
"3012",7944
"3013",8084
"3014",7856
"3015",7359
"3016",7429
"3017",7918
"3018",7837
"3019",7577
"3020",7724
"3021",7892
"3022",7809
"3023",8005
"3024",7562
"3025",8201
"3026",7784
"3027",7948
"3028",7781
"3029",7938
"3030",7542
"3031",8056
"3032",7610
"3033",7975
"3034",8085
"3035",7550
"3036",3821
"3037",5674
"3038",7607
"3039",7832
"3040",7890
"3041",7261
"3042",7615
"3043",7855
"3044",7768
"3045",8251
"3046",7878
"3047",7839
"3048",7683
"3049",7862
"3050",7902
"3051",7946
"3052",7713
"3053",7967
"3054",7935
"3055",7829
"3056",7904
"3057",8067
"3058",7380
"3059",7441
"3060",8033
"3061",6699
"3062",6555
"3063",7553
"3064",6078
"3065",7621
"3066",7870
"3067",3450
"3068",6769
"3069",7929
"3070",7337
"3071",7961
"3072",7956
"3073",8066
"3074",8106
"3075",8088
"3076",7914
"3077",7947
"3078",7789
"3079",7803
"3080",8007
"3081",7911
"3082",7786
"3083",7625
"3084",7359
"3085",6980
"3086",7281
"3087",7911
"3088",7602
"3089",7599
"3090",7586
"3091",6908
"3092",7363
"3093",6413
"3094",7671
"3095",7740
"3096",7253
"3097",6921
"3098",7362
"3099",8184
"3100",7981
"3101",7923
"3102",7720
"3103",7580
"3104",7952
"3105",7800
"3106",7829
"3107",7868
"3108",7462
"3109",7829
"3110",8134
"3111",5725
"3112",7898
"3113",7784
"3114",7859
"3115",6999
"3116",6491
"3117",7680
"3118",7374
"3119",7938
"3120",8025
"3121",7979
"3122",7348
"3123",7935
"3124",7461
"3125",7748
"3126",7617
"3127",7856
"3128",7747
"3129",7774
"3130",7884
"3131",8106
"3132",8030
"3133",7713
"3134",7448
"3135",7804
"3136",7969
"3137",7615
"3138",7452
"3139",7735
"3140",7598
"3141",7341
"3142",7452
"3143",6890
"3144",7934
"3145",8047
"3146",7787
"3147",7910
"3148",8021
"3149",6824
"3150",6826
"3151",7896
"3152",7784
"3153",7808
"3154",8000
"3155",8064
"3156",8028
"3157",7984
"3158",7667
"3159",7592
"3160",7924
"3161",7804
"3162",7744
"3163",7990
"3164",7980
"3165",7868
"3166",7071
"3167",7421
"3168",7207
"3169",7472
"3170",8134
"3171",7627
"3172",7588
"3173",7928
"3174",8010
"3175",7768
"3176",8075
"3177",8220
"3178",7262
"3179",7982
"3180",7679
"3181",7432
"3182",7502
"3183",7542
"3184",7811
"3185",7786
"3186",8014
"3187",8038
"3188",7719
"3189",7599
"3190",7840
"3191",7832
"3192",7709
"3193",7283
"3194",7735
"3195",7232
"3196",7619
"3197",7452
"3198",7960
"3199",8340
"3200",7997
"3201",7975
"3202",6747
"3203",7230
"3204",7745
"3205",7500
"3206",7564
"3207",8022
"3208",7770
"3209",7941
"3210",7690
"3211",7337
"3212",7252
"3213",7466
"3214",7990
"3215",7606
"3216",7068
"3217",7918
"3218",6753
"3219",5340
"3220",7650
"3221",7637
"3222",4356
"3223",7549
"3224",7496
"3225",7861
"3226",7700
"3227",7509
"3228",8064
"3229",7318
"3230",7765
"3231",7641
"3232",7990
"3233",8030
"3234",8000
"3235",7526
"3236",7495
"3237",7973
"3238",8040
"3239",7919
"3240",7871
"3241",7911
"3242",7904
"3243",7629
"3244",7595
"3245",7749
"3246",8198
"3247",7937
"3248",7557
"3249",7446
"3250",7717
"3251",7225
"3252",7879
"3253",7751
"3254",7606
"3255",7766
"3256",8240
"3257",7611
"3258",7623
"3259",7718
"3260",7852
"3261",7827
"3262",7821
"3263",7979
"3264",7986
"3265",8289
"3266",7102
"3267",7462
"3268",7000
"3269",7439
"3270",7451
"3271",7517
"3272",7647
"3273",7445
"3274",7526
"3275",7692
"3276",8081
"3277",7874
"3278",7759
"3279",7246
"3280",7632
"3281",7391
"3282",7497
"3283",7450
"3284",7302
"3285",7518
"3286",6951
"3287",7459
"3288",7785
"3289",7644
"3290",7801
"3291",7835
"3292",8269
"3293",7650
"3294",7729
"3295",7637
"3296",7832
"3297",7443
"3298",7870
"3299",7961
"3300",8456
"3301",7825
"3302",7508
"3303",7404
"3304",7171
"3305",7588
"3306",7721
"3307",7829
"3308",7966
"3309",8052
"3310",7818
"3311",7557
"3312",7508
"3313",7953
"3314",7752
"3315",7675
"3316",7377
"3317",7273
"3318",7573
"3319",8018
"3320",8348
"3321",8183
"3322",7796
"3323",7441
"3324",5478
"3325",7352
"3326",7743
"3327",7952
"3328",7950
"3329",8176
"3330",8234
"3331",7886
"3332",8092
"3333",7685
"3334",8103
"3335",7750
"3336",7906
"3337",7885
"3338",7164
"3339",7323
"3340",7450
"3341",7385
"3342",6991
"3343",7722
"3344",7341
"3345",8106
"3346",8318
"3347",8186
"3348",8241
"3349",8162
"3350",7963
"3351",7508
"3352",7029
"3353",7683
"3354",7221
"3355",7837
"3356",8034
"3357",8215
"3358",8373
"3359",8164
"3360",8448
"3361",7949
"3362",7914
"3363",7884
"3364",8014
"3365",7660
"3366",7349
"3367",7783
"3368",7422
"3369",7397
"3370",7491
"3371",7319
"3372",7316
"3373",7803
"3374",6967
"3375",7692
"3376",7546
"3377",7989
"3378",8120
"3379",8205
"3380",8243
"3381",8094
"3382",8135
"3383",8083
"3384",7565
"3385",7868
"3386",7593
"3387",7914
"3388",7898
"3389",7859
"3390",7935
"3391",7754
"3392",7682
"3393",7647
"3394",8238
"3395",8177
"3396",8026
"3397",7988
"3398",7543
"3399",7552
"3400",7356
"3401",7275
"3402",7275
"3403",7275
"3404",7275
"3405",6583
"3406",8053
"3407",8120
"3408",8285
"3409",8212
"3410",7815
"3411",7822
"3412",8314
"3413",7829
"3414",7722
"3415",7452
"3416",7750
"3417",7955
"3418",7403
"3419",7094
"3420",7563
"3421",7317
"3422",7357
"3423",8253
"3424",7675
"3425",6924
"3426",7251
"3427",7907
"3428",7982
"3429",8270
"3430",7805
"3431",8042
"3432",8051
"3433",7907
"3434",7896
"3435",8130
"3436",7516
"3437",6468
"3438",7344
"3439",7440
"3440",8139
"3441",7981
"3442",7015
"3443",7358
"3444",7507
"3445",8136
"3446",7588
"3447",7958
"3448",7813
"3449",7803
"3450",7232
"3451",7319
"3452",7366
"3453",7554
"3454",6085
"3455",7949
"3456",7751
"3457",7537
"3458",7914
"3459",8095
"3460",7917
"3461",8066
"3462",8022
"3463",7667
"3464",7406
"3465",7736
"3466",8096
"3467",8336
"3468",8286
"3469",8376
"3470",8358
"3471",7948
"3472",7814
"3473",7829
"3474",8047
"3475",7782
"3476",6153
"3477",7718
"3478",8067
"3479",8153
"3480",7795
"3481",8014
"3482",8027
"3483",7800
"3484",7933
"3485",7984
"3486",8003
"3487",7318
"3488",6160
"3489",7514
"3490",8332
"3491",8456
"3492",8412
"3493",8341
"3494",7902
"3495",7948
"3496",7244
"3497",6575
"3498",6020
"3499",7723
"3500",7803
"3501",8188
"3502",8203
"3503",6632
"3504",7686
"3505",7214
"3506",7990
"3507",7938
"3508",7976
"3509",7835
"3510",8087
"3511",7826
"3512",7475
"3513",7808
"3514",7689
"3515",8385
"3516",8486
"3517",8438
"3518",8481
"3519",8476
"3520",8384
"3521",8329
"3522",8164
"3523",8106
"3524",7561
"3525",7761
"3526",6380
"3527",7234
"3528",7861
"3529",8210
"3530",8023
"3531",7675
"3532",7672
"3533",7886
"3534",7968
"3535",7913
"3536",7694
"3537",7244
"3538",8069
"3539",8428
"3540",8567
"3541",8419
"3542",8404
"3543",8395
"3544",8225
"3545",7800
"3546",7855
"3547",8049
"3548",7529
"3549",7151
"3550",7425
"3551",7621
"3552",7427
"3553",7344
"3554",7259
"3555",7976
"3556",7621
"3557",8201
"3558",7828
"3559",7309
"3560",7271
"3561",7405
"3562",7989
"3563",7484
"3564",7805
"3565",7591
"3566",7838
"3567",7994
"3568",7741
"3569",7939
"3570",7493
"3571",7767
"3572",7751
"3573",7896
"3574",7216
"3575",7591
"3576",7993
"3577",7910
"3578",6518
"3579",6995
"3580",7411
"3581",7998
"3582",8516
"3583",8476
"3584",8364
"3585",7737
"3586",8119
"3587",8336
"3588",7689
"3589",7596
"3590",7855
"3591",7792
"3592",7609
"3593",7689
"3594",7392
"3595",7227
"3596",5921
"3597",7543
"3598",8000
"3599",7887
"3600",7809
"3601",7417
"3602",7723
"3603",7884
"3604",7633
"3605",7703
"3606",7938
"3607",7875
"3608",7618
"3609",7791
"3610",7671
"3611",7164
"3612",7075
"3613",7382
"3614",7829
"3615",8173
"3616",8328
"3617",8321
"3618",8452
"3619",7919
"3620",7377
"3621",8194
"3622",8151
"3623",8077
"3624",8118
"3625",7591
"3626",7354
"3627",7911
"3628",7608
"3629",7491
"3630",7753
"3631",7481
"3632",7472
"3633",7890
"3634",7441
"3635",7740
"3636",7790
"3637",7982
"3638",7831
"3639",7600
"3640",7623
"3641",7568
"3642",7555
"3643",8081
"3644",7606
"3645",7974
"3646",8204
"3647",8092
"3648",7777
"3649",7403
"3650",7329
"3651",7560
"3652",8208
"3653",8055
"3654",7493
"3655",7546
"3656",7916
"3657",6756
"3658",7643
"3659",7488
"3660",7681
"3661",7772
"3662",7732
"3663",7952
"3664",7921
"3665",7707
"3666",7811
"3667",6022
"3668",5556
"3669",7255
"3670",7131
"3671",7381
"3672",7557
"3673",8032
"3674",7770
"3675",8195
"3676",7998
"3677",8191
"3678",7380
"3679",7218
"3680",7241
"3681",7708
"3682",7448
"3683",7118
"3684",7549
"3685",7649
"3686",7768
"3687",7663
"3688",7772
"3689",7695
"3690",7700
"3691",6663
"3692",6899
"3693",5697
"3694",7639
"3695",7729
"3696",7927
"3697",7672
"3698",7831
"3699",7664
"3700",7835
"3701",7396
"3702",6607
"3703",7123
"3704",7130
"3705",7577
"3706",6561
"3707",7706
"3708",7490
"3709",7243
"3710",7771
"3711",7091
"3712",8100
"3713",7630
"3714",7928
"3715",7643
"3716",7870
"3717",5493
"3718",6761
"3719",7456
"3720",7664
"3721",7248
"3722",7730
"3723",7767
"3724",7663
"3725",7464
"3726",7717
"3727",7868
"3728",7848
"3729",7228
"3730",7774
"3731",7367
"3732",6821
"3733",7714
"3734",6340
"3735",7080
"3736",7593
"3737",7543
"3738",7683
"3739",7956
"3740",7581
"3741",7043
"3742",7600
"3743",7161
"3744",7839
"3745",7757
"3746",7636
"3747",7983
"3748",7716
"3749",7745
"3750",7506
"3751",7503
"3752",7790
"3753",7850
"3754",7600
"3755",7399
"3756",7183
"3757",7337
"3758",7326
"3759",7610
"3760",7344
"3761",6801
"3762",6709
"3763",7020
"3764",7749
"3765",7805
"3766",8160
"3767",8285
"3768",8062
"3769",7832
"3770",7378
"3771",7474
"3772",7841
"3773",7835
"3774",7733
"3775",8130
"3776",8054
"3777",4978
"3778",7566
"3779",7903
"3780",7202
"3781",7862
"3782",7724
"3783",7431
"3784",7735
"3785",7236
"3786",7236
"3787",7457
"3788",7115
"3789",7745
"3790",7500
"3791",8199
"3792",6779
"3793",7459
"3794",7941
"3795",8051
"3796",7437
"3797",7781
"3798",7870
"3799",7636
"3800",7034
"3801",7449
"3802",7637
"3803",7921
"3804",7864
"3805",7789
"3806",7826
"3807",7400
"3808",7769
"3809",7518
"3810",7587
"3811",7648
"3812",8083
"3813",7604
"3814",7881
"3815",7662
"3816",8085
"3817",7299
"3818",8028
"3819",8161
"3820",8187
"3821",7533
"3822",7811
"3823",7878
"3824",7763
"3825",6685
"3826",8132
"3827",7878
"3828",7962
"3829",7765
"3830",6726
"3831",7685
"3832",7846
"3833",8131
"3834",7168
"3835",7488
"3836",7020
"3837",7392
"3838",7871
"3839",7680
"3840",7964
"3841",7809
"3842",7958
"3843",6888
"3844",7736
"3845",7936
"3846",7681
"3847",8080
"3848",7944
"3849",7560
"3850",8092
"3851",7827
"3852",7116
"3853",7405
"3854",7990
"3855",8179
"3856",7551
"3857",7626
"3858",8091
"3859",7785
"3860",7317
"3861",7020
"3862",7702
"3863",7998
"3864",7817
"3865",7989
"3866",7958
"3867",7881
"3868",7546
"3869",7848
"3870",7710
"3871",7857
"3872",7998
"3873",8047
"3874",7394
"3875",6799
"3876",7700
"3877",7018
"3878",7420
"3879",7704
"3880",7814
"3881",7409
"3882",7384
"3883",7741
"3884",7769
"3885",6229
"3886",7727
"3887",7748
"3888",6200
"3889",7414
"3890",7726
"3891",7599
"3892",6685
"3893",7715
"3894",7779
"3895",7653
"3896",4410
"3897",7148
"3898",7274
"3899",7753
"3900",7530
"3901",7473
"3902",7524
"3903",5549
"3904",7972
"3905",7870
"3906",7996
"3907",7738
"3908",6575
"3909",7792
"3910",7362
"3911",7584
"3912",6163
"3913",5664
"3914",7594
"3915",7693
"3916",7937
"3917",6793
"3918",7281
"3919",7566
"3920",7678
"3921",7472
"3922",8010
"3923",7523
"3924",7932
"3925",7204
"3926",7771
"3927",7698
"3928",7817
"3929",7420
"3930",7895
"3931",8110
"3932",8150
"3933",6941
"3934",7736
"3935",7878
"3936",7416
"3937",7403
"3938",7419
"3939",7477
"3940",8278
"3941",8174
"3942",8246
"3943",7805
"3944",8202
"3945",7120
"3946",7673
"3947",5833
"3948",7047
"3949",7489
"3950",7894
"3951",7656
"3952",6593
"3953",7817
"3954",7466
"3955",7679
"3956",7161
"3957",7738
"3958",7873
"3959",7946
"3960",7294
"3961",6841
"3962",6846
"3963",7651
"3964",7243
"3965",7732
"3966",7292
"3967",7467
"3968",6539
"3969",7887
"3970",8149
"3971",6391
"3972",7853
"3973",7912
"3974",7725
"3975",7893
"3976",7053
"3977",7158
"3978",7890
"3979",7849
"3980",6918
"3981",7525
"3982",6721
"3983",6369
"3984",6471
"3985",7527
"3986",8555
"3987",8416
"3988",7735
"3989",7802
"3990",7394
"3991",7783
"3992",7054
"3993",7505
"3994",7557
"3995",7589
"3996",7837
"3997",7539
"3998",7108
"3999",7905
"4000",8066
"4001",8226
"4002",8270
"4003",7477
"4004",8038
"4005",8065
"4006",7704
"4007",7175
"4008",8251
"4009",8176
"4010",7952
"4011",7611
"4012",7745
"4013",7440
"4014",7593
"4015",7928
"4016",7548
"4017",7560
"4018",7913
"4019",7863
"4020",7690
"4021",7200
"4022",7236
"4023",7284
"4024",8340
"4025",7294
"4026",8199
"4027",7847
"4028",8285
"4029",8154
"4030",7527
"4031",8167
"4032",8369
"4033",8081
"4034",7859
"4035",8378
"4036",7594
"4037",7439
"4038",7569
"4039",7116
"4040",7782
"4041",7863
"4042",7592
"4043",6180
"4044",7115
"4045",7889
"4046",7588
"4047",7339
"4048",7811
"4049",7292
"4050",6851
"4051",6103
"4052",8111
"4053",7996
"4054",6324
"4055",7619
"4056",8201
"4057",8201
"4058",8351
"4059",8365
"4060",7899
"4061",7948
"4062",7698
"4063",8176
"4064",7444
"4065",7488
"4066",5958
"4067",8035
"4068",8157
"4069",7572
"4070",7267
"4071",6960
"4072",7047
"4073",7724
"4074",7471
"4075",7569
"4076",7513
"4077",7905
"4078",7632
"4079",7747
"4080",7178
"4081",6621
"4082",8083
"4083",7559
"4084",7515
"4085",8003
"4086",8231
"4087",8068
"4088",8327
"4089",8205
"4090",8222
"4091",7721
"4092",7949
"4093",8111
"4094",7878
"4095",7776
"4096",7674
"4097",7174
"4098",8123
"4099",7637
"4100",8111
"4101",5882
"4102",7769
"4103",8397
"4104",8205
"4105",8142
"4106",7369
"4107",7752
"4108",7206
"4109",7240
"4110",7552
"4111",8271
"4112",8260
"4113",7698
"4114",7739
"4115",7551
"4116",7228
"4117",7576
"4118",7998
"4119",7042
"4120",7350
"4121",8167
"4122",7809
"4123",8105
"4124",8078
"4125",7630
"4126",7633
"4127",7748
"4128",7966
"4129",8294
"4130",7486
"4131",8242
"4132",7643
"4133",7837
"4134",7780
"4135",3197
"4136",6141
"4137",7024
"4138",6966
"4139",6594
"4140",5670
"4141",5613
"4142",6947
"4143",7527
"4144",6448
"4145",7767
"4146",8131
"4147",7982
"4148",8380
"4149",8135
"4150",8006
"4151",7830
"4152",7909
"4153",7525
"4154",7717
"4155",7626
"4156",7801
"4157",7801
"4158",7801
"4159",7801
"4160",7853
"4161",7031
"4162",7065
"4163",6703
"4164",7659
"4165",7393
"4166",6530
"4167",6356
"4168",6818
"4169",7978
"4170",8097
"4171",8107
"4172",8314
"4173",8217
"4174",7940
"4175",7863
"4176",7683
"4177",8172
"4178",8033
"4179",7338
"4180",8259
"4181",8003
"4182",8083
"4183",8073
"4184",7589
"4185",7420
"4186",7857
"4187",7517
"4188",7623
"4189",7990
"4190",7931
"4191",8296
"4192",6383
"4193",7180
"4194",7666
"4195",8140
"4196",8146
"4197",8244
"4198",8213
"4199",7671
"4200",7848
"4201",7456
"4202",7945
"4203",7825
"4204",7850
"4205",7489
"4206",6966
"4207",7349
"4208",7764
"4209",7982
"4210",8025
"4211",7541
"4212",7115
"4213",7182
"4214",7201
"4215",7618
"4216",7398
"4217",7076
"4218",6701
"4219",7169
"4220",7580
"4221",7328
"4222",7946
"4223",8093
"4224",8184
"4225",7843
"4226",8238
"4227",7910
"4228",7388
"4229",7842
"4230",7936
"4231",7960
"4232",7995
"4233",7774
"4234",8140
"4235",6787
"4236",6253
"4237",7715
"4238",7505
"4239",7291
"4240",7870
"4241",7324
"4242",7756
"4243",8257
"4244",7017
"4245",7281
"4246",7684
"4247",7405
"4248",7895
"4249",8087
"4250",8020
"4251",8026
"4252",8058
"4253",7919
"4254",7856
"4255",7468
"4256",7622
"4257",7525
"4258",8026
"4259",7232
"4260",8234
"4261",7906
"4262",7365
"4263",7906
"4264",7445
"4265",7996
"4266",8222
"4267",4480
"4268",7158
"4269",7648
"4270",7294
"4271",4825
"4272",7496
"4273",7759
"4274",8154
"4275",6265
"4276",6300
"4277",8241
"4278",7966
"4279",7453
"4280",7996
"4281",7923
"4282",8086
"4283",7539
"4284",7641
"4285",8254
"4286",8130
"4287",8130
"4288",7989
"4289",7456
"4290",7556
"4291",5012
"4292",6348
"4293",7728
"4294",7696
"4295",6381
"4296",7461
"4297",4638
"4298",8216
"4299",8104
"4300",8219
"4301",7987
"4302",7985
"4303",8080
"4304",7864
"4305",7922
"4306",7800
"4307",7804
"4308",8025
"4309",6952
"4310",8185
"4311",7371
"4312",7755
"4313",7711
"4314",8320
"4315",7882
"4316",8001
"4317",8072
"4318",7934
"4319",7245
"4320",7448
"4321",7636
"4322",7718
"4323",6633
"4324",7948
"4325",7759
"4326",7696
"4327",7996
"4328",7878
"4329",7401
"4330",7595
"4331",8108
"4332",8318
"4333",7853
"4334",7853
"4335",8006
"4336",7637
"4337",8081
"4338",7362
"4339",8156
"4340",7583
"4341",7327
"4342",7737
"4343",7349
"4344",7157
"4345",7465
"4346",7743
"4347",7593
"4348",7580
"4349",8176
"4350",7939
"4351",7882
"4352",7924
"4353",7964
"4354",7796
"4355",8029
"4356",7743
"4357",7616
"4358",7801
"4359",8018
"4360",7144
"4361",7191
"4362",6925
"4363",7736
"4364",7621
"4365",7475
"4366",6814
"4367",8219
"4368",7987
"4369",8120
"4370",7903
"4371",8148
"4372",7645
"4373",6688
"4374",7096
"4375",7800
"4376",7202
"4377",7411
"4378",7794
"4379",7687
"4380",7321
"4381",7751
"4382",7488
"4383",7467
"4384",7560
"4385",7583
"4386",7586
"4387",7909
"4388",8319
"4389",7629
"4390",7449
"4391",7577
"4392",7510
"4393",7948
"4394",7896
"4395",7696
"4396",7517
"4397",7232
"4398",7586
"4399",8219
"4400",8079
"4401",8100
"4402",7498
"4403",8018
"4404",7218
"4405",8019
"4406",8268
"4407",7935
"4408",7966
"4409",5407
"4410",7601
"4411",6601
"4412",6739
"4413",7884
"4414",7296
"4415",7952
"4416",8049
"4417",5798
"4418",7235
"4419",7484
"4420",5894
"4421",8068
"4422",7863
"4423",8286
"4424",8005
"4425",4225
"4426",7499
"4427",7878
"4428",7714
"4429",7658
"4430",7908
"4431",8030
"4432",6784
"4433",7861
"4434",7576
"4435",8057
"4436",7575
"4437",7206
"4438",8179
"4439",7809
"4440",7914
"4441",8008
"4442",7466
"4443",7918
"4444",7886
"4445",8011
"4446",7894
"4447",7606
"4448",8064
"4449",8034
"4450",8055
"4451",6870
"4452",8425
"4453",8223
"4454",7979
"4455",6892
"4456",5820
"4457",7772
"4458",8031
"4459",3910
"4460",8178
"4461",8230
"4462",3726
"4463",8041
"4464",8028
"4465",8238
"4466",8298
"4467",8377
"4468",7481
"4469",7952
"4470",7809
"4471",7781
"4472",7894
"4473",8267
"4474",8058
"4475",8156
"4476",7745
"4477",6922
"4478",7720
"4479",8041
"4480",7881
"4481",7299
"4482",8104
"4483",8263
"4484",7998
"4485",8179
"4486",7368
"4487",7324
"4488",7189
"4489",7485
"4490",4361
"4491",7563
"4492",7683
"4493",7789
"4494",7333
"4495",7972
"4496",8115
"4497",7615
"4498",7952
"4499",8041
"4500",8166
"4501",7225
"4502",8131
"4503",7485
"4504",8286
"4505",8057
"4506",8062
"4507",8026
"4508",6724
"4509",7089
"4510",7989
"4511",7806
"4512",7883
"4513",7524
"4514",7865
"4515",7215
"4516",7532
"4517",7627
"4518",7940
"4519",7728
"4520",7810
"4521",7967
"4522",7967
"4523",8074
"4524",8250
"4525",8057
"4526",7825
"4527",7954
"4528",6636
"4529",7830
"4530",7698
"4531",5936
"4532",4690
"4533",7667
"4534",7809
"4535",7709
"4536",8109
"4537",7767
"4538",8096
"4539",8135
"4540",8186
"4541",7902
"4542",7786
"4543",7647
"4544",7924
"4545",7892
"4546",8010
"4547",7968
"4548",7835
"4549",7154
"4550",7444
"4551",7948
"4552",7926
"4553",7461
"4554",8077
"4555",8102
"4556",8177
"4557",7608
"4558",8181
"4559",8225
"4560",8332
"4561",8189
"4562",7798
"4563",8093
"4564",7597
"4565",8266
"4566",8178
"4567",7945
"4568",7986
"4569",7497
"4570",7775
"4571",7561
"4572",7855
"4573",7781
"4574",7798
"4575",7929
"4576",7888
"4577",8048
"4578",7745
"4579",7531
"4580",7877
"4581",7181
"4582",5736
"4583",5328
"4584",7462
"4585",6352
"4586",7324
"4587",7877
"4588",8284
"4589",8404
"4590",8050
"4591",8017
"4592",8262
"4593",8354
"4594",8174
"4595",7389
"4596",8062
"4597",7634
"4598",8097
"4599",8057
"4600",7909
"4601",7984
"4602",8005
"4603",7731
"4604",7762
"4605",7795
"4606",8075
"4607",7953
"4608",8170
"4609",8166
"4610",8001
"4611",7193
"4612",8186
"4613",7969
"4614",8005
"4615",5873
"4616",4731
"4617",8088
"4618",8023
"4619",7884
"4620",7972
"4621",7949
"4622",7819
"4623",8145
"4624",8184
"4625",8005
"4626",8060
"4627",8275
"4628",7967
"4629",8076
"4630",8153
"4631",7811
"4632",6816
"4633",7559
"4634",7856
"4635",7994
"4636",8108
"4637",7819
"4638",7953
"4639",8028
"4640",8115
"4641",6765
"4642",7792
"4643",7993
"4644",8246
"4645",8031
"4646",8149
"4647",8019
"4648",8075
"4649",7997
"4650",7910
"4651",7854
"4652",7937
"4653",7823
"4654",7918
"4655",8135
"4656",7682
"4657",7746
"4658",8264
"4659",8199
"4660",7647
"4661",7189
"4662",7569
"4663",8068
"4664",8104
"4665",8107
"4666",8100
"4667",8064
"4668",8157
"4669",8045
"4670",7662
"4671",7871
"4672",8175
"4673",8087
"4674",8182
"4675",7799
"4676",8002
"4677",7924
"4678",8042
"4679",8125
"4680",7887
"4681",7703
"4682",8256
"4683",8151
"4684",7909
"4685",7610
"4686",7900
"4687",7869
"4688",7893
"4689",7908
"4690",7716
"4691",7938
"4692",8278
"4693",8003
"4694",7985
"4695",8222
"4696",8079
"4697",7466
"4698",7955
"4699",8193
"4700",7864
"4701",7932
"4702",8269
"4703",8082
"4704",7669
"4705",7564
"4706",7949
"4707",7698
"4708",8040
"4709",8140
"4710",8200
"4711",7795
"4712",7321
"4713",7693
"4714",8077
"4715",8185
"4716",8180
"4717",8428
"4718",8457
"4719",8455
"4720",7843
"4721",7886
"4722",7930
"4723",8047
"4724",8109
"4725",8077
"4726",8303
"4727",8064
"4728",8067
"4729",8156
"4730",7917
"4731",7983
"4732",8031
"4733",8059
"4734",8107
"4735",8133
"4736",8295
"4737",7743
"4738",7978
"4739",8186
"4740",8202
"4741",8287
"4742",8340
"4743",8392
"4744",8000
"4745",8097
"4746",8018
"4747",8311
"4748",8282
"4749",8268
"4750",7963
"4751",8037
"4752",8191
"4753",8348
"4754",8346
"4755",8401
"4756",8323
"4757",8391
"4758",8380
"4759",8200
"4760",8259
"4761",8215
"4762",8506
"4763",8312
"4764",7997
"4765",7987
"4766",7793
"4767",6735
"4768",4981
"4769",8216
"4770",8067
"4771",8367
"4772",8295
"4773",8087
"4774",8003
"4775",8157
"4776",8149
"4777",8111
"4778",8285
"4779",8273
"4780",8415
"4781",8399
"4782",8294
"4783",8393
"4784",8211
"4785",8244
"4786",8457
"4787",8298
"4788",7830
"4789",7824
"4790",7457
"4791",7262
"4792",8042
"4793",8332
"4794",8182
"4795",7975
"4796",8041
"4797",7980
"4798",8215
"4799",8110
"4800",8153
"4801",8402
"4802",8169
"4803",8333
"4804",8238
"4805",8209
"4806",8403
"4807",8418
"4808",8290
"4809",8511
"4810",8214
"4811",7818
"4812",8015
"4813",8152
"4814",8176
"4815",8121
"4816",8081
"4817",8079
"4818",8008
"4819",8055
"4820",8040
"4821",8262
"4822",8238
"4823",8172
"4824",8285
"4825",8240
"4826",7653
"4827",8145
"4828",7971
"4829",7986
"4830",8186
"4831",8180
"4832",8222
"4833",8195
"4834",8186
"4835",7257
"4836",8305
"4837",7877
"4838",8004
"4839",8097
"4840",8228
"4841",8062
"4842",8121
"4843",7998
"4844",7947
"4845",8039
"4846",8043
"4847",7888
"4848",8217
"4849",8350
"4850",7850
"4851",8304
"4852",8290
"4853",8335
"4854",8162
"4855",8241
"4856",7983
"4857",8109
"4858",7555
"4859",7847
"4860",8016
"4861",8088
"4862",7996
"4863",8138
"4864",8173
"4865",8413
"4866",8129
"4867",8270
"4868",8400
"4869",7989
"4870",7981
"4871",7785
"4872",7975
"4873",8079
"4874",8144
"4875",8113
"4876",8030
"4877",8379
"4878",8266
"4879",8221
"4880",8503
"4881",8156
"4882",8281
"4883",8299
"4884",8296
"4885",8173
"4886",7953
"4887",7802
"4888",8143
"4889",8325
"4890",8383
"4891",8433
"4892",8444
"4893",7960
"4894",8065
"4895",8035
"4896",8207
"4897",8197
"4898",8202
"4899",8331
"4900",8348
"4901",7996
"4902",7902
"4903",7755
"4904",8123
"4905",7652
"4906",6222
"4907",8465
"4908",8327
"4909",8028
"4910",8136
"4911",8182
"4912",8131
"4913",8341
"4914",8125
"4915",8170
"4916",8179
"4917",8172
"4918",8198
"4919",8099
"4920",8130
"4921",8268
"4922",8260
"4923",8285
"4924",8344
"4925",8149
"4926",7890
"4927",7300
"4928",8173
"4929",7694
"4930",7803
"4931",8062
"4932",8227
"4933",8132
"4934",8316
"4935",8090
"4936",8118
"4937",8329
"4938",8227
"4939",8151
"4940",8130
"4941",8128
"4942",8173
"4943",8208
"4944",8352
"4945",8278
"4946",8357
"4947",8081
"4948",8148
"4949",7483
"4950",7262
"4951",8141
"4952",6796
"4953",7561
"4954",8009
"4955",8206
"4956",8195
"4957",8068
"4958",8148
"4959",8262
"4960",7982
"4961",8080
"4962",8178
"4963",8105
"4964",7913
"4965",7861
"4966",7739
"4967",7311
"4968",8016
"4969",7826
"4970",7975
"4971",8061
"4972",6500
"4973",7917
"4974",7456
"4975",8328
"4976",8327
"4977",8353
"4978",8179
"4979",8023
"4980",8040
"4981",8242
"4982",7963
"4983",8126
"4984",7690
"4985",7942
"4986",7739
"4987",8266
"4988",6794
"4989",7009
"4990",7072
"4991",7386
"4992",8202
"4993",8084
"4994",8272
"4995",8124
"4996",8070
"4997",8124
"4998",8026
"4999",8253
"5000",8326
"5001",8120
"5002",7627
"5003",8370
"5004",8216
"5005",8173
"5006",7887
"5007",7923
"5008",7860
"5009",8242
"5010",8186
"5011",8130
"5012",8299
"5013",8156
"5014",8394
"5015",7920
"5016",8176
"5017",8153
"5018",8089
"5019",8253
"5020",8098
"5021",8189
"5022",6800
"5023",8105
"5024",8195
"5025",6710
"5026",7780
"5027",7963
"5028",8132
"5029",8289
"5030",8152
"5031",8329
"5032",8221
"5033",8303
"5034",8384
"5035",8059
"5036",8116
"5037",8221
"5038",8169
"5039",7922
"5040",6607
"5041",8061
"5042",8087
"5043",7535
"5044",7389
"5045",8138
"5046",8180
"5047",8080
"5048",8108
"5049",4347
"5050",8393
"5051",8408
"5052",8355
"5053",8258
"5054",6979
"5055",8101
"5056",8140
"5057",7430
"5058",7639
"5059",7647
"5060",8231
"5061",8161
"5062",8074
"5063",8233
"5064",8278
"5065",8143
"5066",8142
"5067",8176
"5068",8319
"5069",8305
"5070",7681
"5071",7760
"5072",8082
"5073",7980
"5074",7869
"5075",8050
"5076",8135
"5077",8000
"5078",7965
"5079",8077
"5080",8175
"5081",8164
"5082",8143
"5083",8126
"5084",8366
"5085",5498
"5086",8056
"5087",8076
"5088",8332
"5089",8154
"5090",7999
"5091",7738
"5092",8349
"5093",8372
"5094",8152
"5095",8285
"5096",8108
"5097",7488
"5098",7916
"5099",8110
"5100",8061
"5101",8125
"5102",8017
"5103",8167
"5104",8296
"5105",8139
"5106",7991
"5107",8045
"5108",8148
"5109",8043
"5110",8047
"5111",7979
"5112",8077
"5113",7982
"5114",8079
"5115",8063
"5116",7365
"5117",8171
"5118",8067
"5119",8004
"5120",8113
"5121",8091
"5122",7959
"5123",NA
"5124",NA
"5125",NA
"5126",NA
"5127",5243
"5128",7288
"5129",6505
"5130",7569
"5131",5502
"5132",6809
"5133",5517
"5134",6879
"5135",6195
"5136",5235
"5137",7051
"5138",6765
"5139",7452
"5140",7720
"5141",6727
"5142",7873
"5143",7543
"5144",7098
"5145",7471
"5146",6302
"5147",6609
"5148",6312
"5149",7257
"5150",5907
"5151",7455
"5152",7220
"5153",7469
"5154",6182
"5155",6976
"5156",7179
"5157",6065
"5158",7897
"5159",7793
"5160",7840
"5161",7918
"5162",7991
"5163",7268
"5164",6749
"5165",5193
"5166",6074
"5167",7142
"5168",7069
"5169",7253
"5170",6973
"5171",5825
"5172",6701
"5173",7150
"5174",7883
"5175",7328
"5176",6877
"5177",7935
"5178",7805
"5179",6445
"5180",6627
"5181",6915
"5182",6316
"5183",6697
"5184",6164
"5185",5369
"5186",5925
"5187",5858
"5188",6154
"5189",5748
"5190",5847
"5191",6978
"5192",6986
"5193",6550
"5194",7215
"5195",7530
"5196",7577
"5197",7511
"5198",7309
"5199",7756
"5200",7910
"5201",7207
"5202",7905
"5203",8026
"5204",8007
"5205",7000
"5206",7899
"5207",7892
"5208",7032
"5209",6625
"5210",7642
"5211",7051
"5212",7595
"5213",7701
"5214",6849
"5215",7129
"5216",5511
"5217",7024
"5218",6218
"5219",7354
"5220",6165
"5221",7516
"5222",7657
"5223",7815
"5224",7603
"5225",6826
"5226",7454
"5227",6641
"5228",6655
"5229",6498
"5230",6209
"5231",6122
"5232",6602
"5233",6006
"5234",6227
"5235",6860
"5236",7041
"5237",6963
"5238",7625
"5239",6250
"5240",7211
"5241",7836
"5242",7153
"5243",7117
"5244",7464
"5245",7790
"5246",7778
"5247",6621
"5248",7037
"5249",7614
"5250",7254
"5251",8028
"5252",8161
"5253",7149
"5254",7516
"5255",6802
"5256",6594
"5257",6192
"5258",7195
"5259",8216
"5260",7443
"5261",6801
"5262",6838
"5263",7358
"5264",7931
"5265",7613
"5266",6940
"5267",7352
"5268",7725
"5269",7542
"5270",7122
"5271",7670
"5272",5784
"5273",7086
"5274",7764
"5275",7743
"5276",6470
"5277",7714
"5278",6149
"5279",6665
"5280",6729
"5281",6662
"5282",7803
"5283",7575
"5284",6526
"5285",6931
"5286",7244
"5287",5298
"5288",7176
"5289",6484
"5290",6446
"5291",6297
"5292",5361
"5293",5267
"5294",5587
"5295",6780
"5296",6859
"5297",6856
"5298",7435
"5299",7722
"5300",7356
"5301",7015
"5302",7991
"5303",7406
"5304",7946
"5305",7839
"5306",7528
"5307",7734
"5308",7223
"5309",7017
"5310",6679
"5311",7918
"5312",6845
"5313",7247
"5314",7817
"5315",7231
"5316",7059
"5317",6083
"5318",7085
"5319",6646
"5320",6323
"5321",6604
"5322",5971
"5323",7150
"5324",5784
"5325",7714
"5326",6885
"5327",6719
"5328",6639
"5329",6935
"5330",6842
"5331",7194
"5332",6691
"5333",5297
"5334",7624
"5335",6026
"5336",6558
"5337",7340
"5338",6598
"5339",5927
"5340",7201
"5341",7692
"5342",6941
"5343",7511
"5344",7075
"5345",7026
"5346",6676
"5347",7890
"5348",7245
"5349",6179
"5350",7425
"5351",7698
"5352",6584
"5353",6876
"5354",7680
"5355",7010
"5356",6799
"5357",6648
"5358",6005
"5359",6160
"5360",7653
"5361",7744
"5362",7483
"5363",6976
"5364",6600
"5365",7466
"5366",6803
"5367",7204
"5368",6773
"5369",7556
"5370",7487
"5371",8002
"5372",7992
"5373",8118
"5374",7013
"5375",6557
"5376",7448
"5377",7969
"5378",7756
"5379",7779
"5380",7638
"5381",7436
"5382",5998
"5383",6919
"5384",6559
"5385",7116
"5386",7004
"5387",6971
"5388",5701
"5389",7127
"5390",6499
"5391",6477
"5392",7408
"5393",6391
"5394",6841
"5395",6592
"5396",7088
"5397",6320
"5398",6698
"5399",7719
"5400",5713
"5401",7604
"5402",6354
"5403",6094
"5404",7104
"5405",5604
"5406",5836
"5407",7110
"5408",7579
"5409",5954
"5410",6823
"5411",6368
"5412",6579
"5413",5518
"5414",7450
"5415",6660
"5416",5930
"5417",5832
"5418",5994
"5419",5188
"5420",6341
"5421",6343
"5422",6202
"5423",7046
"5424",7012
"5425",6988
"5426",6162
"5427",7064
"5428",7699
"5429",7600
"5430",7892
"5431",7430
"5432",6891
"5433",6541
"5434",7465
"5435",6535
"5436",7582
"5437",7386
"5438",7082
"5439",7532
"5440",6944
"5441",6909
"5442",6750
"5443",6865
"5444",7492
"5445",6885
"5446",7837
"5447",7736
"5448",7482
"5449",6943
"5450",7294
"5451",6622
"5452",7466
"5453",6976
"5454",8073
"5455",6756
"5456",7457
"5457",7103
"5458",6858
"5459",7086
"5460",6777
"5461",7884
"5462",7680
"5463",7635
"5464",6624
"5465",5321
"5466",6194
"5467",6549
"5468",5994
"5469",7594
"5470",6661
"5471",6219
"5472",6527
"5473",5562
"5474",6200
"5475",6574
"5476",5725
"5477",6005
"5478",5757
"5479",6882
"5480",6523
"5481",6559
"5482",5994
"5483",6772
"5484",7579
"5485",7878
"5486",6708
"5487",7148
"5488",7373
"5489",7799
"5490",6666
"5491",5529
"5492",6893
"5493",7387
"5494",7365
"5495",5846
"5496",6090
"5497",6646
"5498",6016
"5499",6588
"5500",7245
"5501",7259
"5502",6823
"5503",6698
"5504",6081
"5505",6578
"5506",5619
"5507",6381
"5508",7822
"5509",7321
"5510",6414
"5511",7311
"5512",6126
"5513",6762
"5514",6362
"5515",6888
"5516",5948
"5517",5758
"5518",7204
"5519",7247
"5520",7187
"5521",6198
"5522",6133
"5523",6473
"5524",6277
"5525",5798
"5526",6215
"5527",7809
"5528",6075
"5529",7076
"5530",7368
"5531",7709
"5532",7452
"5533",7426
"5534",7479
"5535",7113
"5536",7262
"5537",7414
"5538",7434
"5539",7488
"5540",7120
"5541",7534
"5542",7203
"5543",7416
"5544",7695
"5545",7264
"5546",6449
"5547",7234
"5548",7671
"5549",7867
"5550",6979
"5551",7307
"5552",5705
"5553",6277
"5554",5470
"5555",5483
"5556",7139
"5557",6785
"5558",6067
"5559",7640
"5560",7140
"5561",7373
"5562",6584
"5563",5666
"5564",6871
"5565",5421
"5566",7098
"5567",7479
"5568",7677
"5569",7129
"5570",7769
"5571",6018
"5572",4468
"5573",7066
"5574",5281
"5575",7364
"5576",6170
"5577",6510
"5578",6842
"5579",7616
"5580",6827
"5581",7264
"5582",6029
"5583",5317
"5584",7658
"5585",7643
"5586",5984
"5587",7841
"5588",5068
"5589",6598
"5590",6069
"5591",6842
"5592",5252
"5593",7080
"5594",7729
"5595",6581
"5596",6609
"5597",6852
"5598",7016
"5599",7106
"5600",7108
"5601",6430
"5602",6750
"5603",6353
"5604",6732
"5605",6996
"5606",7522
"5607",6782
"5608",6597
"5609",7325
"5610",6757
"5611",6459
"5612",6939
"5613",7198
"5614",7335
"5615",7405
"5616",7127
"5617",7800
"5618",7346
"5619",7044
"5620",6999
"5621",7649
"5622",7979
"5623",7100
"5624",7292
"5625",7433
"5626",7037
"5627",7476
"5628",7926
"5629",7199
"5630",7869
"5631",6744
"5632",6969
"5633",7564
"5634",7398
"5635",7937
"5636",7540
"5637",7659
"5638",7515
"5639",5814
"5640",6805
"5641",5950
"5642",6258
"5643",3850
"5644",7271
"5645",5821
"5646",7621
"5647",5823
"5648",6834
"5649",7211
"5650",7730
"5651",6531
"5652",7394
"5653",5690
"5654",7626
"5655",7510
"5656",7495
"5657",7727
"5658",4957
"5659",7293
"5660",7205
"5661",7166
"5662",7747
"5663",5092
"5664",7014
"5665",5433
"5666",5826
"5667",6495
"5668",7693
"5669",6683
"5670",6179
"5671",7689
"5672",7705
"5673",7672
"5674",7396
"5675",7218
"5676",7731
"5677",7606
"5678",6923
"5679",7387
"5680",6642
"5681",6546
"5682",5570
"5683",7448
"5684",7610
"5685",7254
"5686",7403
"5687",6368
"5688",6503
"5689",6740
"5690",7403
"5691",6948
"5692",7166
"5693",7420
"5694",7123
"5695",7604
"5696",7865
"5697",7375
"5698",7775
"5699",5546
"5700",7611
"5701",5835
"5702",6352
"5703",5945
"5704",6149
"5705",4747
"5706",5357
"5707",4410
"5708",3970
"5709",4792
"5710",4284
"5711",4662
"5712",4644
"5713",5816
"5714",4953
"5715",4036
"5716",4459
"5717",4036
"5718",4204
"5719",5030
"5720",3807
"5721",5592
"5722",4079
"5723",4785
"5724",5225
"5725",4024
"5726",5766
"5727",4214
"5728",4612
"5729",5010
"5730",4687
"5731",4121
"5732",5951
"5733",6080
"5734",6523
"5735",4582
"5736",4654
"5737",6092
"5738",5618
"5739",5750
"5740",5660
"5741",5471
"5742",5171
"5743",4214
"5744",5545
"5745",5727
"5746",6538
"5747",6881
"5748",7791
"5749",5284
"5750",5765
"5751",8491
"5752",7365
"5753",8212
"5754",8365
"5755",6264
"5756",7177
"5757",7933
"5758",7973
"5759",7716
"5760",7927
"5761",7642
"5762",8235
"5763",7454
"5764",8225
"5765",5742
"5766",7899
"5767",6984
"5768",7658
"5769",6814
"5770",7847
"5771",4975
"5772",4409
"5773",5034
"5774",5497
"5775",3282
"5776",7440
"5777",6855
"5778",7583
"5779",7094
"5780",6543
"5781",7068
"5782",6813
"5783",6016
"5784",5659
"5785",5691
"5786",7331
"5787",6875
"5788",7654
"5789",7334
"5790",6337
"5791",6530
"5792",6809
"5793",6630
"5794",4485
"5795",6264
"5796",6177
"5797",7550
"5798",6424
"5799",7497
"5800",7278
"5801",6307
"5802",7105
"5803",6143
"5804",6617
"5805",7065
"5806",7007
"5807",6358
"5808",6988
"5809",6004
"5810",6560
"5811",6927
"5812",6239
"5813",5833
"5814",4747
"5815",7499
"5816",6089
"5817",5482
"5818",6806
"5819",6336
"5820",5331
"5821",7323
"5822",6600
"5823",6952
"5824",7720
"5825",7239
"5826",6920
"5827",7914
"5828",7084
"5829",6904
"5830",6605
"5831",6878
"5832",6584
"5833",7696
"5834",7803
"5835",7191
"5836",7409
"5837",5987
"5838",7061
"5839",7515
"5840",6534
"5841",7618
"5842",7630
"5843",7738
"5844",6614
"5845",7204
"5846",7247
"5847",7623
"5848",6500
"5849",7023
"5850",7886
"5851",6379
"5852",7567
"5853",7065
"5854",7588
"5855",7172
"5856",7494
"5857",7574
"5858",7597
"5859",7534
"5860",7505
"5861",7174
"5862",7058
"5863",7561
"5864",7223
"5865",7604
"5866",6061
"5867",6627
"5868",6458
"5869",7146
"5870",7378
"5871",7771
"5872",7249
"5873",7911
"5874",8170
"5875",7541
"5876",7646
"5877",7173
"5878",6667
"5879",6714
"5880",7806
"5881",7651
"5882",7839
"5883",7299
"5884",7707
"5885",7456
"5886",6850
"5887",7877
"5888",7031
"5889",7268
"5890",7619
"5891",6684
"5892",8178
"5893",6975
"5894",7350
"5895",7221
"5896",3089
"5897",6480
"5898",6762
"5899",7621
"5900",6907
"5901",6126
"5902",7454
"5903",7312
"5904",7479
"5905",7049
"5906",7574
"5907",7240
"5908",7133
"5909",7655
"5910",6378
"5911",7001
"5912",7049
"5913",6933
"5914",7078
"5915",7864
"5916",6414
"5917",7226
"5918",6485
"5919",6231
"5920",5869
"5921",6910
"5922",6124
"5923",5616
"5924",7407
"5925",7583
"5926",6179
"5927",7562
"5928",7805
"5929",7144
"5930",7166
"5931",7108
"5932",7144
"5933",6867
"5934",7416
"5935",7810
"5936",7377
"5937",7629
"5938",7777
"5939",7120
"5940",7204
"5941",7152
"5942",6967
"5943",7415
"5944",7868
"5945",7509
"5946",7790
"5947",7734
"5948",7885
"5949",6988
"5950",6403
"5951",6848
"5952",6991
"5953",7615
"5954",6980
"5955",7580
"5956",8064
"5957",7692
"5958",7594
"5959",7587
"5960",7793
"5961",7627
"5962",7969
"5963",7312
"5964",7544
"5965",7007
"5966",7865
"5967",6652
"5968",6022
"5969",6057
"5970",6464
"5971",6165
"5972",5360
"5973",7175
"5974",7632
"5975",5936
"5976",7135
"5977",6243
"5978",6944
"5979",6342
"5980",6935
"5981",7638
"5982",6678
"5983",6701
"5984",7813
"5985",4580
"5986",5618
"5987",7620
"5988",7091
"5989",7502
"5990",7485
"5991",7020
"5992",6755
"5993",7632
"5994",7184
"5995",6192
"5996",7561
"5997",7485
"5998",7903
"5999",7372
"6000",6706
"6001",7305
"6002",7647
"6003",7875
"6004",7739
"6005",7777
"6006",7502
"6007",7218
"6008",6855
"6009",7702
"6010",7428
"6011",7799
"6012",7371
"6013",6566
"6014",7087
"6015",7159
"6016",7229
"6017",6823
"6018",7894
"6019",8041
"6020",7957
"6021",7229
"6022",7577
"6023",8257
"6024",7185
"6025",6707
"6026",7381
"6027",7612
"6028",7506
"6029",7957
"6030",7852
"6031",7061
"6032",7022
"6033",7859
"6034",7515
"6035",7343
"6036",7476
"6037",7708
"6038",6846
"6039",7568
"6040",7920
"6041",6060
"6042",6159
"6043",6747
"6044",5586
"6045",4346
"6046",7162
"6047",7366
"6048",6557
"6049",6950
"6050",7733
"6051",7555
"6052",6900
"6053",7528
"6054",6899
"6055",7383
"6056",6832
"6057",6056
"6058",7388
"6059",7456
"6060",7442
"6061",6691
"6062",6754
"6063",7691
"6064",6636
"6065",5275
"6066",6047
"6067",7198
"6068",7794
"6069",7922
"6070",7880
"6071",7721
"6072",6501
"6073",6939
"6074",7048
"6075",7643
"6076",7300
"6077",7320
"6078",7178
"6079",6809
"6080",6477
"6081",6565
"6082",7340
"6083",7040
"6084",7916
"6085",8147
"6086",7549
"6087",7960
"6088",7798
"6089",6625
"6090",7662
"6091",7345
"6092",7381
"6093",7089
"6094",7364
"6095",7921
"6096",7972
"6097",7769
"6098",8075
"6099",6982
"6100",7646
"6101",7373
"6102",6893
"6103",7733
"6104",5440
"6105",6680
"6106",7323
"6107",6886
"6108",7082
"6109",6968
"6110",3419
"6111",7110
"6112",7445
"6113",6157
"6114",7473
"6115",7243
"6116",6598
"6117",7672
"6118",6780
"6119",7128
"6120",7752
"6121",6795
"6122",7423
"6123",6996
"6124",6820
"6125",6932
"6126",6749
"6127",7193
"6128",7355
"6129",7843
"6130",7471
"6131",7417
"6132",7079
"6133",7212
"6134",7441
"6135",6667
"6136",7897
"6137",7148
"6138",7456
"6139",7890
"6140",7053
"6141",7913
"6142",7425
"6143",7589
"6144",7748
"6145",7946
"6146",7464
"6147",7231
"6148",5661
"6149",6613
"6150",7350
"6151",7202
"6152",7803
"6153",7835
"6154",7764
"6155",7876
"6156",7248
"6157",7560
"6158",7064
"6159",5976
"6160",7880
"6161",5658
"6162",6833
"6163",6112
"6164",7169
"6165",4764
"6166",7473
"6167",7223
"6168",6454
"6169",7841
"6170",6596
"6171",6851
"6172",7358
"6173",7208
"6174",7411
"6175",7125
"6176",6826
"6177",7428
"6178",7324
"6179",6971
"6180",6813
"6181",6947
"6182",7871
"6183",7230
"6184",7608
"6185",7076
"6186",6890
"6187",7716
"6188",7778
"6189",7874
"6190",7078
"6191",7044
"6192",6725
"6193",7150
"6194",7435
"6195",7786
"6196",7861
"6197",6809
"6198",7530
"6199",7200
"6200",7254
"6201",7332
"6202",6970
"6203",6712
"6204",6929
"6205",7603
"6206",6745
"6207",6429
"6208",7622
"6209",7656
"6210",7734
"6211",6976
"6212",7748
"6213",7394
"6214",7570
"6215",7895
"6216",7571
"6217",7066
"6218",6800
"6219",7180
"6220",7553
"6221",4663
"6222",7414
"6223",6845
"6224",5717
"6225",6864
"6226",5537
"6227",7457
"6228",7806
"6229",7709
"6230",6431
"6231",6095
"6232",6788
"6233",6894
"6234",7327
"6235",7545
"6236",7292
"6237",6286
"6238",7640
"6239",7259
"6240",7648
"6241",6911
"6242",6680
"6243",7361
"6244",7421
"6245",7728
"6246",7540
"6247",6047
"6248",3223
"6249",6233
"6250",7737
"6251",5173
"6252",6679
"6253",6759
"6254",6856
"6255",6351
"6256",6504
"6257",7725
"6258",7534
"6259",6611
"6260",6256
"6261",6923
"6262",6810
"6263",7310
"6264",7518
"6265",7361
"6266",6896
"6267",7054
"6268",7459
"6269",6812
"6270",7641
"6271",7163
"6272",8233
"6273",6225
"6274",7478
"6275",7647
"6276",7731
"6277",4068
"6278",6192
"6279",5544
"6280",5887
"6281",6835
"6282",6192
"6283",7688
"6284",7879
"6285",7391
"6286",6921
"6287",6017
"6288",6192
"6289",6099
"6290",6130
"6291",8048
"6292",6837
"6293",6009
"6294",7227
"6295",5770
"6296",5923
"6297",5955
"6298",5630
"6299",5454
"6300",6150
"6301",7682
"6302",6466
"6303",6780
"6304",7121
"6305",7322
"6306",6268
"6307",7746
"6308",6268
"6309",6887
"6310",7062
"6311",7541
"6312",6519
"6313",6021
"6314",7095
"6315",5892
"6316",6424
"6317",6743
"6318",5353
"6319",6594
"6320",7414
"6321",7195
"6322",7711
"6323",7606
"6324",7377
"6325",7919
"6326",7723
"6327",7810
"6328",7769
"6329",7144
"6330",6979
"6331",7896
"6332",7177
"6333",7711
"6334",7556
"6335",7482
"6336",7177
"6337",6793
"6338",7093
"6339",7187
"6340",7349
"6341",7713
"6342",7706
"6343",7908
"6344",6865
"6345",7950
"6346",7493
"6347",7245
"6348",7497
"6349",7793
"6350",7504
"6351",7961
"6352",7462
"6353",7586
"6354",7227
"6355",6905
"6356",6922
"6357",7373
"6358",5554
"6359",7968
"6360",7918
"6361",6721
"6362",7344
"6363",7755
"6364",7806
"6365",7342
"6366",7172
"6367",6120
"6368",5184
"6369",5077
"6370",5651
"6371",7013
"6372",6325
"6373",6090
"6374",6762
"6375",7786
"6376",7170
"6377",7253
"6378",7468
"6379",6913
"6380",7674
"6381",6588
"6382",7931
"6383",7061
"6384",7955
"6385",8120
"6386",5356
"6387",7008
"6388",6523
"6389",5769
"6390",5137
"6391",5777
"6392",7147
"6393",6480
"6394",6960
"6395",7350
"6396",7599
"6397",7743
"6398",5383
"6399",7915
"6400",8432
"6401",6887
"6402",7336
"6403",6966
"6404",6758
"6405",5852
"6406",6457
"6407",6364
"6408",6942
"6409",6414
"6410",8235
"6411",6623
"6412",8359
"6413",7772
"6414",6996
"6415",6836
"6416",6359
"6417",6103
"6418",5921
"6419",8077
"6420",7189
"6421",7314
"6422",7548
"6423",7426
"6424",7164
"6425",7887
"6426",6861
"6427",7652
"6428",7699
"6429",6911
"6430",5862
"6431",6935
"6432",7127
"6433",6884
"6434",6434
"6435",5746
"6436",6797
"6437",7508
"6438",7596
"6439",7046
"6440",6809
"6441",7807
"6442",7844
"6443",7317
"6444",8265
"6445",6309
"6446",7242
"6447",6768
"6448",8019
"6449",7501
"6450",6396
"6451",6546
"6452",6318
"6453",5156
"6454",7716
"6455",7997
"6456",8047
"6457",6083
"6458",8190
"6459",7783
"6460",8025
"6461",5148
"6462",8372
"6463",7758
"6464",7874
"6465",6622
"6466",7758
"6467",7565
"6468",6828
"6469",6631
"6470",7445
"6471",5429
"6472",6835
"6473",7994
"6474",7832
"6475",8069
"6476",7960
"6477",7573
"6478",7552
"6479",7810
"6480",7389
"6481",6115
"6482",7495
"6483",7366
"6484",6846
"6485",7079
"6486",6662
"6487",6524
"6488",7622
"6489",7281
"6490",7815
"6491",7663
"6492",5662
"6493",7364
"6494",6589
"6495",6503
"6496",6858
"6497",5616
"6498",7894
"6499",7806
"6500",8067
"6501",7575
"6502",6717
"6503",6182
"6504",6568
"6505",6724
"6506",6665
"6507",8025
"6508",6572
"6509",7352
"6510",7021
"6511",7349
"6512",8043
"6513",8038
"6514",7592
"6515",7694
"6516",7225
"6517",7293
"6518",6582
"6519",6025
"6520",7899
"6521",7814
"6522",7726
"6523",7339
"6524",7390
"6525",7458
"6526",7838
"6527",7715
"6528",7826
"6529",7674
"6530",6727
"6531",7830
"6532",7254
"6533",7715
"6534",6815
"6535",7615
"6536",6255
"6537",7513
"6538",7160
"6539",7296
"6540",7749
"6541",7424
"6542",6892
"6543",7889
"6544",7659
"6545",7845
"6546",7326
"6547",7811
"6548",7240
"6549",7621
"6550",7434
"6551",7443
"6552",7698
"6553",7352
"6554",7327
"6555",7959
"6556",7888
"6557",7252
"6558",7057
"6559",7078
"6560",7196
"6561",7741
"6562",7600
"6563",7861
"6564",8196
"6565",7981
"6566",7588
"6567",7878
"6568",7508
"6569",6910
"6570",6522
"6571",6189
"6572",5917
"6573",7498
"6574",8032
"6575",7340
"6576",7073
"6577",8248
"6578",7394
"6579",6387
"6580",7625
"6581",7910
"6582",7179
"6583",7204
"6584",7645
"6585",7197
"6586",7763
"6587",7397
"6588",7697
"6589",7643
"6590",7479
"6591",7714
"6592",7027
"6593",7450
"6594",8097
"6595",7684
"6596",7134
"6597",7772
"6598",7695
"6599",7433
"6600",7649
"6601",7379
"6602",7392
"6603",7313
"6604",6434
"6605",6375
"6606",5704
"6607",6165
"6608",7987
"6609",7950
"6610",7269
"6611",7482
"6612",7801
"6613",6651
"6614",7576
"6615",6348
"6616",7017
"6617",7306
"6618",7354
"6619",7784
"6620",7301
"6621",7325
"6622",7597
"6623",7310
"6624",7078
"6625",6672
"6626",7471
"6627",7412
"6628",6098
"6629",7160
"6630",6668
"6631",6950
"6632",7517
"6633",6771
"6634",6670
"6635",6708
"6636",7225
"6637",7939
"6638",7337
"6639",7167
"6640",7712
"6641",7103
"6642",6742
"6643",7496
"6644",6936
"6645",7175
"6646",6652
"6647",7221
"6648",7219
"6649",7667
"6650",8157
"6651",7372
"6652",7653
"6653",7653
"6654",8127
"6655",7472
"6656",7501
"6657",7361
"6658",7451
"6659",7429
"6660",7359
"6661",7553
"6662",7311
"6663",7808
"6664",7967
"6665",7891
"6666",6513
"6667",7387
"6668",7480
"6669",7641
"6670",7772
"6671",7005
"6672",6827
"6673",7439
"6674",7389
"6675",6190
"6676",7741
"6677",7998
"6678",7791
"6679",7726
"6680",7629
"6681",7495
"6682",7216
"6683",6665
"6684",7217
"6685",7373
"6686",7622
"6687",7596
"6688",7292
"6689",7720
"6690",7382
"6691",6775
"6692",7611
"6693",7549
"6694",6265
"6695",7097
"6696",7467
"6697",6564
"6698",6753
"6699",7135
"6700",7946
"6701",7417
"6702",7970
"6703",7377
"6704",6116
"6705",8191
"6706",7681
"6707",7683
"6708",6546
"6709",6401
"6710",6818
"6711",7217
"6712",7555
"6713",8024
"6714",6538
"6715",7816
"6716",7817
"6717",8350
"6718",7405
"6719",7228
"6720",7126
"6721",6688
"6722",7642
"6723",7494
"6724",7818
"6725",7170
"6726",7208
"6727",8125
"6728",8442
"6729",7634
"6730",7690
"6731",7238
"6732",7175
"6733",7005
"6734",6838
"6735",7002
"6736",7809
"6737",7375
"6738",7719
"6739",7178
"6740",7018
"6741",7622
"6742",7669
"6743",6388
"6744",6322
"6745",6137
"6746",7151
"6747",7350
"6748",6696
"6749",7555
"6750",7896
"6751",7416
"6752",6414
"6753",7743
"6754",7409
"6755",8198
"6756",7684
"6757",7660
"6758",7195
"6759",6987
"6760",7193
"6761",7281
"6762",7425
"6763",7457
"6764",6787
"6765",5876
"6766",6206
"6767",5688
"6768",7180
"6769",7753
"6770",7820
"6771",7974
"6772",6977
"6773",7162
"6774",7112
"6775",6686
"6776",7059
"6777",7450
"6778",7661
"6779",7309
"6780",6875
"6781",6399
"6782",5871
"6783",7193
"6784",5637
"6785",6238
"6786",6799
"6787",7638
"6788",7565
"6789",7834
"6790",6859
"6791",7388
"6792",7411
"6793",7759
"6794",7381
"6795",7086
"6796",7247
"6797",7515
"6798",6472
"6799",7249
"6800",6751
"6801",7629
"6802",6927
"6803",6536
"6804",7390
"6805",8101
"6806",7481
"6807",7700
"6808",7650
"6809",7432
"6810",7335
"6811",7075
"6812",7383
"6813",7020
"6814",7503
"6815",7527
"6816",6423
"6817",7357
"6818",6957
"6819",7751
"6820",7591
"6821",6449
"6822",6850
"6823",6746
"6824",7118
"6825",7500
"6826",7289
"6827",7339
"6828",6985
"6829",8096
"6830",7406
"6831",7005
"6832",7169
"6833",7774
"6834",6506
"6835",7331
"6836",7622
"6837",7636
"6838",7954
"6839",8110
"6840",7947
"6841",7506
"6842",7366
"6843",7864
"6844",7429
"6845",7493
"6846",7745
"6847",7376
"6848",7939
"6849",7948
"6850",7740
"6851",7268
"6852",7666
"6853",7941
"6854",7833
"6855",7647
"6856",7684
"6857",7753
"6858",7213
"6859",7205
"6860",7697
"6861",7368
"6862",7410
"6863",7865
"6864",7964
"6865",7410
"6866",6834
"6867",7523
"6868",7803
"6869",6951
"6870",7388
"6871",6892
"6872",5261
"6873",6103
"6874",7302
"6875",6393
"6876",7471
"6877",6979
"6878",6983
"6879",6610
"6880",7153
"6881",7411
"6882",7076
"6883",8100
"6884",8287
"6885",8139
"6886",6706
"6887",7362
"6888",7240
"6889",7506
"6890",7456
"6891",6922
"6892",5690
"6893",6604
"6894",7084
"6895",7477
"6896",6802
"6897",7752
"6898",7015
"6899",7905
"6900",7769
"6901",7521
"6902",7548
"6903",7683
"6904",7583
"6905",6382
"6906",7090
"6907",7465
"6908",7655
"6909",7334
"6910",7453
"6911",7703
"6912",7753
"6913",6364
"6914",5749
"6915",6420
"6916",7159
"6917",7888
"6918",7175
"6919",7814
"6920",6539
"6921",6590
"6922",6776
"6923",7697
"6924",6868
"6925",7405
"6926",7100
"6927",6636
"6928",6447
"6929",7115
"6930",7889
"6931",7746
"6932",7496
"6933",7594
"6934",7328
"6935",7872
"6936",7312
"6937",7558
"6938",7650
"6939",7857
"6940",7818
"6941",7849
"6942",7481
"6943",7970
"6944",7404
"6945",8030
"6946",7676
"6947",5519
"6948",5952
"6949",6191
"6950",7319
"6951",8032
"6952",7638
"6953",7455
"6954",7315
"6955",6918
"6956",6222
"6957",6591
"6958",7110
"6959",6665
"6960",7974
"6961",7546
"6962",7323
"6963",6888
"6964",7399
"6965",7648
"6966",7460
"6967",7388
"6968",7512
"6969",7632
"6970",7654
"6971",8187
"6972",7841
"6973",7435
"6974",7384
"6975",7825
"6976",7576
"6977",5957
"6978",7394
"6979",7198
"6980",7655
"6981",7725
"6982",7475
"6983",7146
"6984",6782
"6985",7372
"6986",6492
"6987",4929
"6988",7715
"6989",3426
"6990",5593
"6991",6863
"6992",7865
"6993",7726
"6994",7654
"6995",7778
"6996",7172
"6997",7428
"6998",7713
"6999",7634
"7000",7640
"7001",7691
"7002",7277
"7003",8033
"7004",7720
"7005",6660
"7006",7474
"7007",7420
"7008",8069
"7009",7234
"7010",6907
"7011",6676
"7012",7085
"7013",7601
"7014",7303
"7015",7464
"7016",6975
"7017",7515
"7018",4287
"7019",5042
"7020",7380
"7021",6117
"7022",6937
"7023",7428
"7024",7134
"7025",6613
"7026",7341
"7027",7674
"7028",7669
"7029",7708
"7030",7974
"7031",7925
"7032",7818
"7033",7706
"7034",7777
"7035",5840
"7036",7193
"7037",6903
"7038",7252
"7039",7613
"7040",6973
"7041",6938
"7042",7297
"7043",7597
"7044",7275
"7045",7777
"7046",7080
"7047",7457
"7048",7891
"7049",7789
"7050",7734
"7051",7313
"7052",6920
"7053",6536
"7054",5961
"7055",6209
"7056",5205
"7057",7125
"7058",7394
"7059",7255
"7060",7256
"7061",7847
"7062",7516
"7063",7764
"7064",7082
"7065",7480
"7066",6823
"7067",6909
"7068",7664
"7069",6923
"7070",5828
"7071",7162
"7072",7578
"7073",6910
"7074",7249
"7075",7753
"7076",7349
"7077",7474
"7078",7822
"7079",7683
"7080",7637
"7081",6609
"7082",6683
"7083",7290
"7084",7347
"7085",7073
"7086",6673
"7087",7253
"7088",7656
"7089",6606
"7090",6925
"7091",6701
"7092",7463
"7093",7212
"7094",6760
"7095",7379
"7096",6942
"7097",6970
"7098",7704
"7099",7114
"7100",7376
"7101",7370
"7102",7509
"7103",7428
"7104",6705
"7105",7141
"7106",7141
"7107",6531
"7108",6758
"7109",7242
"7110",7047
"7111",6276
"7112",7834
"7113",8462
"7114",7809
"7115",8286
"7116",8113
"7117",8278
"7118",7412
"7119",7154
"7120",8287
"7121",7538
"7122",7500
"7123",8191
"7124",7620
"7125",8239
"7126",7797
"7127",7948
"7128",7901
"7129",8240
"7130",8487
"7131",6707
"7132",7165
"7133",6627
"7134",7335
"7135",8277
"7136",8009
"7137",8091
"7138",7325
"7139",8436
"7140",8124
"7141",7033
"7142",7554
"7143",7614
"7144",8185
"7145",8165
"7146",8335
"7147",7524
"7148",8240
"7149",8576
"7150",7346
"7151",8320
"7152",8144
"7153",8474
"7154",8375
"7155",8564
"7156",7527
"7157",8139
"7158",8274
"7159",8236
"7160",8493
"7161",7901
"7162",7895
"7163",8108
"7164",8221
"7165",7581
"7166",8344
"7167",8201
"7168",8440
"7169",7963
"7170",7706
"7171",6205
"7172",6501
"7173",7826
"7174",8221
"7175",8359
"7176",8546
"7177",8087
"7178",7797
"7179",7574
"7180",7093
"7181",6698
"7182",6500
"7183",6790
"7184",8003
"7185",8236
"7186",8487
"7187",8314
"7188",6069
"7189",6991
"7190",7782
"7191",7701
"7192",8106
"7193",8061
"7194",7630
"7195",7465
"7196",6705
"7197",6847
"7198",6874
"7199",7012
"7200",8037
"7201",7310
"7202",7885
"7203",7412
"7204",7200
"7205",6893
"7206",6392
"7207",6997
"7208",6285
"7209",7459
"7210",7897
"7211",7608
"7212",7042
"7213",6594
"7214",5975
"7215",7797
"7216",7547
"7217",7285
"7218",7180
"7219",6425
"7220",5706
"7221",7219
"7222",6815
"7223",7315
"7224",7031
"7225",7774
"7226",5536
"7227",8084
"7228",7335
"7229",6567
"7230",6763
"7231",6064
"7232",6646
"7233",6957
"7234",7130
"7235",7979
"7236",7932
"7237",7279
"7238",6667
"7239",7722
"7240",7082
"7241",7760
"7242",7196
"7243",7613
"7244",6816
"7245",7135
"7246",6623
"7247",7369
"7248",6491
"7249",6382
"7250",5708
"7251",7692
"7252",7862
"7253",7417
"7254",7285
"7255",7075
"7256",7037
"7257",5125
"7258",6320
"7259",7096
"7260",6871
"7261",7129
"7262",6933
"7263",7266
"7264",7741
"7265",7653
"7266",7069
"7267",7115
"7268",7579
"7269",7527
"7270",8049
"7271",6575
"7272",7117
"7273",6533
"7274",7724
"7275",7964
"7276",6427
"7277",6362
"7278",6673
"7279",7164
"7280",7315
"7281",5654
"7282",6200
"7283",5858
"7284",6899
"7285",6812
"7286",6015
"7287",6606
"7288",6148
"7289",6360
"7290",7275
"7291",6179
"7292",6947
"7293",5828
"7294",5648
"7295",5216
"7296",4639
"7297",7306
"7298",6902
"7299",6211
"7300",7314
"7301",6476
"7302",5913
"7303",5469
"7304",7419
"7305",6875
"7306",6817
"7307",7224
"7308",5361
"7309",6404
"7310",7453
"7311",6763
"7312",6200
"7313",7194
"7314",6285
"7315",7411
"7316",6885
"7317",5791
"7318",6190
"7319",7115
"7320",6531
"7321",5920
"7322",6320
"7323",6363
"7324",7328
"7325",5197
"7326",6688
"7327",6452
"7328",6036
"7329",5523
"7330",6356
"7331",7574
"7332",5060
"7333",7515
"7334",5570
"7335",7484
"7336",7819
"7337",6311
"7338",7802
"7339",5020
"7340",5159
"7341",7098
"7342",7996
"7343",7068
"7344",7479
"7345",5687
"7346",7785
"7347",5170
"7348",6115
"7349",6501
"7350",7348
"7351",7161
"7352",7856
"7353",7025
"7354",6772
"7355",6953
"7356",6512
"7357",7931
"7358",7455
"7359",7533
"7360",6966
"7361",5293
"7362",5119
"7363",6221
"7364",7297
"7365",5687
"7366",7404
"7367",7645
"7368",6702
"7369",6048
"7370",7216
"7371",7514
"7372",7274
"7373",7064
"7374",7682
"7375",6269
"7376",7288
"7377",7345
"7378",7912
"7379",7522
"7380",6627
"7381",6804
"7382",6813
"7383",7029
"7384",5545
"7385",6996
"7386",7188
"7387",8005
"7388",6397
"7389",6857
"7390",6350
"7391",7188
"7392",7807
"7393",5923
"7394",7482
"7395",5728
"7396",7356
"7397",7377
"7398",7553
"7399",6878
"7400",7267
"7401",7080
"7402",7407
"7403",6319
"7404",7579
"7405",7514
"7406",7680
"7407",6986
"7408",7121
"7409",5012
"7410",6498
"7411",7407
"7412",6685
"7413",5750
"7414",7142
"7415",6560
"7416",7418
"7417",6751
"7418",7375
"7419",7186
"7420",6258
"7421",7762
"7422",6511
"7423",7609
"7424",7207
"7425",7271
"7426",7413
"7427",6495
"7428",7186
"7429",6632
"7430",7374
"7431",7880
"7432",6159
"7433",5802
"7434",7578
"7435",6551
"7436",6989
"7437",7497
"7438",7478
"7439",7086
"7440",7400
"7441",6048
"7442",5441
"7443",6960
"7444",6289
"7445",6696
"7446",5353
"7447",6809
"7448",6794
"7449",6418
"7450",5925
"7451",6367
"7452",7442
"7453",7145
"7454",6742
"7455",4478
"7456",7815
"7457",5397
"7458",6223
"7459",6594
"7460",6003
"7461",6127
"7462",6027
"7463",7996
"7464",7111
"7465",7611
"7466",6204
"7467",5518
"7468",7105
"7469",6205
"7470",6143
"7471",5865
"7472",7070
"7473",6406
"7474",5536
"7475",6067
"7476",7235
"7477",6713
"7478",7278
"7479",5781
"7480",6381
"7481",7082
"7482",7669
"7483",6728
"7484",6570
"7485",7201
"7486",7546
"7487",7963
"7488",6252
"7489",7192
"7490",6823
"7491",6204
"7492",6340
"7493",7128
"7494",6814
"7495",5590
"7496",5109
"7497",5846
"7498",7701
"7499",7328
"7500",4810
"7501",5015
"7502",7025
"7503",4772
"7504",6583
"7505",6573
"7506",6857
"7507",6865
"7508",6779
"7509",7325
"7510",6937
"7511",7489
"7512",5427
"7513",4533
"7514",5185
"7515",7317
"7516",5427
"7517",7541
"7518",6318
"7519",5487
"7520",6098
"7521",5414
"7522",5674
"7523",7876
"7524",5724
"7525",5243
"7526",6316
"7527",6035
"7528",5150
"7529",7082
"7530",6678
"7531",7408
"7532",7165
"7533",6346
"7534",6763
"7535",5294
"7536",5714
"7537",7297
"7538",7606
"7539",5450
"7540",6179
"7541",6993
"7542",7241
"7543",7417
"7544",7208
"7545",6501
"7546",6737
"7547",6753
"7548",6580
"7549",5932
"7550",7142
"7551",7943
"7552",5091
"7553",6634
"7554",7712
"7555",7437
"7556",7132
"7557",5593
"7558",7305
"7559",7654
"7560",7803
"7561",7967
"7562",7374
"7563",6966
"7564",5403
"7565",6060
"7566",5437
"7567",6642
"7568",6553
"7569",7074
"7570",7245
"7571",6316
"7572",5462
"7573",6223
"7574",7328
"7575",6744
"7576",6796
"7577",7581
"7578",6501
"7579",6829
"7580",6045
"7581",7442
"7582",7150
"7583",7080
"7584",6811
"7585",7363
"7586",7025
"7587",7009
"7588",7209
"7589",6705
"7590",5907
"7591",4406
"7592",6534
"7593",7705
"7594",5968
"7595",6652
"7596",5384
"7597",7783
"7598",7453
"7599",6008
"7600",7806
"7601",7073
"7602",7753
"7603",7280
"7604",7492
"7605",6964
"7606",7174
"7607",6474
"7608",7276
"7609",7637
"7610",7556
"7611",6939
"7612",7268
"7613",7409
"7614",6600
"7615",7643
"7616",5762
"7617",7638
"7618",6794
"7619",7448
"7620",6982
"7621",7705
"7622",6523
"7623",7426
"7624",6169
"7625",6185
"7626",6533
"7627",6044
"7628",5738
"7629",6747
"7630",6261
"7631",7385
"7632",7415
"7633",8171
"7634",7613
"7635",6512
"7636",7375
"7637",7667
"7638",7453
"7639",7997
"7640",7443
"7641",7260
"7642",7561
"7643",7388
"7644",7210
"7645",7992
"7646",7316
"7647",7138
"7648",7486
"7649",7330
"7650",7975
"7651",7341
"7652",6869
"7653",7276
"7654",7460
"7655",7477
"7656",6852
"7657",8071
"7658",7174
"7659",8035
"7660",6769
"7661",8148
"7662",7163
"7663",7465
"7664",7257
"7665",7934
"7666",7803
"7667",7846
"7668",6529
"7669",6863
"7670",7288
"7671",7363
"7672",7739
"7673",7681
"7674",7653
"7675",7019
"7676",7632
"7677",7569
"7678",7827
"7679",8036
"7680",7537
"7681",6995
"7682",7104
"7683",7892
"7684",7854
"7685",7742
"7686",7632
"7687",7392
"7688",7664
"7689",8022
"7690",8086
"7691",7811
"7692",7162
"7693",7443
"7694",7099
"7695",7434
"7696",7988
"7697",7695
"7698",8245
"7699",7961
"7700",6932
"7701",7559
"7702",7831
"7703",7780
"7704",7690
"7705",7851
"7706",7810
"7707",7585
"7708",8266
"7709",6993
"7710",7588
"7711",7813
"7712",8472
"7713",7344
"7714",7481
"7715",8131
"7716",7964
"7717",7330
"7718",7448
"7719",7456
"7720",7745
"7721",7416
"7722",8100
"7723",8251
"7724",7509
"7725",8043
"7726",7328
"7727",7853
"7728",7580
"7729",7503
"7730",6627
"7731",7866
"7732",7205
"7733",6782
"7734",7435
"7735",7659
"7736",7158
"7737",5061
"7738",7947
"7739",6743
"7740",7972
"7741",7278
"7742",6066
"7743",7439
"7744",6325
"7745",7561
"7746",6058
"7747",6278
"7748",7086
"7749",7824
"7750",6808
"7751",7136
"7752",8107
"7753",8093
"7754",7813
"7755",7432
"7756",7085
"7757",7170
"7758",6936
"7759",7619
"7760",7341
"7761",7584
"7762",6386
"7763",7709
"7764",6028
"7765",7927
"7766",6268
"7767",7054
"7768",7864
"7769",8002
"7770",7388
"7771",7253
"7772",7255
"7773",6262
"7774",7488
"7775",7455
"7776",7275
"7777",7822
"7778",7387
"7779",7411
"7780",7533
"7781",6874
"7782",7084
"7783",6122
"7784",5859
"7785",6130
"7786",7006
"7787",6717
"7788",5576
"7789",7113
"7790",7135
"7791",6771
"7792",6737
"7793",5623
"7794",5205
"7795",6119
"7796",6318
"7797",5757
"7798",7917
"7799",7801
"7800",7190
"7801",7371
"7802",7684
"7803",7053
"7804",7258
"7805",7101
"7806",7242
"7807",6847
"7808",7147
"7809",7416
"7810",7572
"7811",6823
"7812",6550
"7813",7098
"7814",6529
"7815",6056
"7816",7214
"7817",7248
"7818",6844
"7819",6780
"7820",7387
"7821",7254
"7822",7683
"7823",7211
"7824",7022
"7825",6561
"7826",6994
"7827",7064
"7828",7339
"7829",6492
"7830",7130
"7831",7376
"7832",6886
"7833",7413
"7834",7087
"7835",6953
"7836",7437
"7837",5794
"7838",6629
"7839",6525
"7840",6899
"7841",5465
"7842",5934
"7843",5094
"7844",6965
"7845",7721
"7846",7856
"7847",6595
"7848",7087
"7849",6233
"7850",6706
"7851",6415
"7852",8025
"7853",8115
"7854",8014
"7855",8339
"7856",7546
"7857",7565
"7858",7461
"7859",6982
"7860",7299
"7861",7823
"7862",7503
"7863",8038
"7864",7448
"7865",7622
"7866",7836
"7867",7364
"7868",8043
"7869",7771
"7870",7730
"7871",7871
"7872",7728
"7873",8037
"7874",7437
"7875",7865
"7876",7913
"7877",6062
"7878",8147
"7879",8273
"7880",8046
"7881",7958
"7882",6983
"7883",8408
"7884",7965
"7885",7686
"7886",8007
"7887",8205
"7888",7541
"7889",8110
"7890",7665
"7891",7797
"7892",7852
"7893",7544
"7894",7025
"7895",7542
"7896",7609
"7897",6814
"7898",7091
"7899",7104
"7900",6932
"7901",6857
"7902",7679
"7903",7383
"7904",7319
"7905",6673
"7906",7627
"7907",7368
"7908",6834
"7909",7304
"7910",7767
"7911",7795
"7912",7365
"7913",7370
"7914",7993
"7915",7081
"7916",6700
"7917",6487
"7918",8217
"7919",7677
"7920",7769
"7921",7722
"7922",7458
"7923",7583
"7924",5617
"7925",7838
"7926",7538
"7927",8322
"7928",7592
"7929",7550
"7930",7911
"7931",8202
"7932",8090
"7933",8090
"7934",7820
"7935",7475
"7936",7534
"7937",8036
"7938",8423
"7939",7992
"7940",7599
"7941",7508
"7942",7558
"7943",8343
"7944",7920
"7945",7840
"7946",7009
"7947",7580
"7948",7966
"7949",7966
"7950",8057
"7951",8046
"7952",8127
"7953",8036
"7954",6938
"7955",7543
"7956",7543
"7957",7990
"7958",7126
"7959",8009
"7960",8001
"7961",8140
"7962",7928
"7963",7825
"7964",7874
"7965",8215
"7966",7763
"7967",8305
"7968",8093
"7969",7922
"7970",7609
"7971",7650
"7972",7985
"7973",5828
"7974",7149
"7975",6353
"7976",7742
"7977",7419
"7978",7544
"7979",6527
"7980",7002
"7981",6104
"7982",7329
"7983",6981
"7984",4509
"7985",5251
"7986",6328
"7987",6154
"7988",6924
"7989",7905
"7990",5784
"7991",7029
"7992",7128
"7993",7727
"7994",7643
"7995",7390
"7996",7108
"7997",6597
"7998",6944
"7999",6497
"8000",5705
"8001",5914
"8002",5932
"8003",6546
"8004",6858
"8005",4639
"8006",5603
"8007",6364
"8008",6608
"8009",6582
"8010",5702
"8011",5343
"8012",7311
"8013",6883
"8014",8248
"8015",6903
"8016",7482
"8017",7469
"8018",6883
"8019",7457
"8020",5928
"8021",6390
"8022",6478
"8023",6121
"8024",5512
"8025",6532
"8026",6510
"8027",6222
"8028",5398
"8029",5733
"8030",5128
"8031",4907
"8032",4659
"8033",4845
"8034",4907
"8035",5072
"8036",6283
"8037",6997
"8038",7174
"8039",6894
"8040",5918
"8041",5426
"8042",5563
"8043",6052
"8044",5823
"8045",5331
"8046",6482
"8047",6412
"8048",5073
"8049",6343
"8050",6252
"8051",5669
"8052",6246
"8053",5541
"8054",7287
"8055",7075
"8056",5535
"8057",7197
"8058",4858
"8059",6265
"8060",7221
"8061",5615
"8062",6588
"8063",6089
"8064",7242
"8065",6725
"8066",5825
"8067",4547
"8068",6854
"8069",7060
"8070",6751
"8071",7477
"8072",6887
"8073",6556
"8074",6611
"8075",7274
"8076",6522
"8077",7194
"8078",7351
"8079",7322
"8080",5839
"8081",7164
"8082",7818
"8083",7377
"8084",6821
"8085",5196
"8086",6997
"8087",7308
